6,ä¸­å›½ä¼ä¸šç»æµç½‘,å®‰ç¼,ä¸­å¤®çº§,http://innfinance.cn/baa6/a5571068767.html
61,ç¯çƒè§†ç‚¹ç½‘,é©¬æ¾æ¶›,åœ°å¸‚çº§,http://www.hqsdw.com/?list_73/2701.html=
48,å¹¿ä¸œæ–°é—»ç½‘,å®‰ç¼,çœéƒ¨çº§,http://csxxb.cn/e9c/OTEzNzQxNDc=.html
1,äººæ°‘è§†ç‚¹,é©¬æ¾æ¶›,ä¸­å¤®çº§,http://www.rmkbw.cn/?wenlv/9105.html=
60,æ°‘ç”Ÿä¸­å›½å‘¨åˆŠ,é©¬æ¾æ¶›,åœ°å¸‚çº§,https://mszgzk.com/?list_25/4700.html=
219,ç¦å»ºéƒ½å¸‚ç½‘,ç‹äºšå¤ã€è“ä¼Ÿå†°,çœéƒ¨çº§,http://fujian365.cn/68fb7/8f4499533528.html
213,ç¦å»ºéƒ½å¸‚ç½‘,ç‹äºšå¤,çœéƒ¨çº§,http://fujian365.cn/68fb7/8f4497980760.html
217,ç¦å»ºéƒ½å¸‚ç½‘,ç‹äºšå¤,çœéƒ¨çº§,http://fujian365.cn/68fb7/8f4499106224.html
223,æµ·è¥¿æ™¨æŠ¥,ç‹äºšå¤ã€é™ˆå±•çº¢,çœéƒ¨çº§,file:///D:/360MoveData/Users/é£æ¸…æ‰¬/Documents/WeChat Files/wxid_a5gxaxx192tk22/FileStorage/Temp/1e6b74e4b6a9cd3f82fe64a5ee694c7.png
46,å¹¿ä¸œä¹‹çª—,å®‰ç¼,çœéƒ¨çº§,http://gyjinri.cn/0409c/0c820305370.html
153,å¹¿ä¸œèµ„è®¯ç½‘,æ¬§é˜³ç³,çœéƒ¨çº§,http://syjinri.cn/529/MTEyNDcwNzY4.html
42,å—æ–¹å·¥æŠ¥,ä¹”å¥,çœéƒ¨çº§,http://www.nfgb.com.cn/zg/content/post_1228207.html
233,ä¸Šæµ·æ–°é—»ç½‘,èµµç¥ç€,çœéƒ¨çº§,http://cndashanghai.cn/b09/MTIxMjEwOTU=.html
38,å—æ–¹å·¥æŠ¥,ä¹”å¥,çœéƒ¨çº§,http://wap.nfgb.com.cn/html5/2024-02/05/node_1.htm?v=1&curr=2
52,é½é²ç½‘,é‚“è®·,çœéƒ¨çº§,http://news.iqilu.com/china/gedi/2024/0206/5597916.shtml
68,ç½‘æ˜“å·,é©¬æ¾æ¶›,åœ°å¸‚çº§,https://www.163.com/dy/article/IPT5LO9G05149R5K.html?spss=dy_author
225,ç½‘æ˜“é¦–é¡µ,ç‹äºšå¤ã€é™ˆå±•çº¢,çœéƒ¨çº§,https://www.163.com/dy/article/IUS3MUQ405565EU3.html
50,äº‘å—ç½‘,é‚“è®·,çœéƒ¨çº§,http://society.yunnan.cn/system/2024/01/30/032928510.shtml
273,å¦é—¨å¹¿æ’­ç”µå°,ç‹äºšå¤ã€é™ˆå±•çº¢,åœ°å¸‚çº§,file:///D:/360MoveData/Users/é£æ¸…æ‰¬/Documents/WeChat Files/wxid_a5gxaxx192tk22/FileStorage/Temp/2f2739689fb5478ce0055b8dfab49ad.png
275,å¦é—¨å¹¿ç”µ,ç‹äºšå¤ã€é™ˆå±•çº¢,åœ°å¸‚çº§,file:///D:/360MoveData/Users/é£æ¸…æ‰¬/Documents/WeChat Files/wxid_a5gxaxx192tk22/FileStorage/Temp/0ee6f8bd3b3bddf2c9a573411295a0d.png
44,è…¾è®¯ç½‘,ä¸é«˜æ´ã€æ²ˆèŠ³éœ,çœéƒ¨çº§,https://new.qq.com/rain/a/20240208A071U900
121,ä¸­å›½è´¢ç»åœ¨çº¿,ç‹äºšå¤,ä¸­å¤®çº§,http://zgfinance.top/a3326/ba561237970.html
276,ä¸šç¿”æ°‘å®‰,ç‹äºšå¤ã€é™ˆå±•çº¢,åœ°å¸‚çº§,file:///D:/360MoveData/Users/é£æ¸…æ‰¬/Documents/WeChat Files/wxid_a5gxaxx192tk22/FileStorage/Temp/9bc8241b3c5902ace46d1ac62480738.png
122,ä¸­å›½ä¿¡æ¯æŠ¥é“,ç‹äºšå¤,ä¸­å¤®çº§,http://xinxibd.tsxxg.cn/62961/aa561238000.html
124,ä¸­å›½èšç„¦ç½‘,ç‹äºšå¤,ä¸­å¤®çº§,http://jujiaow.hebdushi.cn/56794/91561237990.html
53,äº‘å—ç½‘,é‚“è®·,çœéƒ¨çº§,http://culture.yunnan.cn/system/2024/02/06/032937150.shtml
246,è…¾è®¯æ–°é—»,æ²ˆèŠ³éœ,åœ°å¸‚çº§,https://new.qq.com/rain/a/20240330A03YJ700
94,ä¸­é’ç½‘,ä¸é«˜æ´,ä¸­å¤®çº§,https://df.youth.cn/dfzl/202403/t20240327_15158868.htm
155,å¹¿ä¸œæ–°é—»ç½‘,æ¬§é˜³ç³,çœéƒ¨çº§,http://csxxb.cn/e9c/MTEyNDcwNzc3.html
158,ç½‘æ˜“,"åˆç¢
å®‰ç¼",çœéƒ¨çº§,https://www.163.com/dy/article/IVR3DGQ30530QRMB.html
164,æµ·å—éƒ½å¸‚æ—¥æŠ¥,é‚“è®·,çœéƒ¨çº§,http://hndsrb.cn/5f3/NzU5MTA1OTY=.html
305,ä¸­é’ç½‘,ä¸é«˜æ´,ä¸­å¤®çº§,https://df.youth.cn/dfzl/202403/t20240307_15118499.htm
168,æµ·å—æµ·å£ç½‘,é‚“è®·,çœéƒ¨çº§,http://hainanhk.cn/9da02/39f63258790.html
172,æµ·å—æ–°é—»ç½‘,é‚“è®·,çœéƒ¨çº§,http://binhaics.cn/450/NzU5MTA1MjQ=.html
177,æ¤°åŸæ¤°åŸ ,,çœéƒ¨çº§,é€šè¡Œæ•ˆç‡æé«˜5æˆï¼æµ·å£è¿™ä¸ªåŒé“é€šè½¦â†’ (qq.com)
187,å—æ–¹å·¥æŠ¥,æ¨å¾·æ™¨ã€å¼ ç¾æ€¡,çœéƒ¨çº§,http://wap.nfgb.com.cn/html5/2024-03/19/content_15_24161.htm?curr=
188,å—æ–¹å·¥æŠ¥,å¼ ç¾æ€¡,çœéƒ¨çº§,http://wap.nfgb.com.cn/html5/2024-04/01/content_14_24470.htm?curr=
179,åŒ—é’ç½‘,,çœéƒ¨çº§,æµ·å£æ»¨æµ·ç«‹äº¤æ”¹é€ å·¥ç¨‹é¡¹ç›®å¼€æ”¾é€šè½¦ (baidu.com)
212,ç¦å»ºä¼ä¸šç½‘,ç‹äºšå¤,çœéƒ¨çº§,http://fj.jkwindows.cn/e10b/b8b85733172.html
336,ä¸­å›½é’å¹´ç½‘è½¬è½½,å´”å›½ç‰,ä¸­å¤®çº§,https://df.youth.cn/dfzl/202403/t20240306_15115737.htm
117,ä¸­å›½åŸºå±‚ç½‘,ç‹äºšå¤,ä¸­å¤®çº§,http://www.chinajiceng.com.cn/news/2024-03-16/242469.html
191,å¹¿ä¸œéƒ½å¸‚ç½‘,è‘£è‰¯å¥½ã€å¼ ç¾æ€¡,çœéƒ¨çº§,http://www.gddushi.com.cn/a/guona/20240415/77740.html
186,ç™¾åº¦æœ‰é©¾,æ¨å¾·æ™¨ã€å¼ ç¾æ€¡,çœéƒ¨çº§,https://www.yoojia.com/article/10315370830687134421.html
200,å¹¿ä¸œéƒ½å¸‚ç½‘,é¾™å†¬ã€å¼ ç¾æ€¡,çœéƒ¨çº§,http://www.gddushi.com.cn/a/guona/20240415/77741.html
304,ä¸­é’ç½‘,é©¬æ¾æ¶›,ä¸­å¤®çº§,https://t.m.youth.cn/transfer/index/url/df.youth.cn/dfzl/202403/t20240304_15111912.htm
115,ä¸­å·¥ç½‘,è‘£è‰¯å¥½ã€å¼ ç¾æ€¡,ä¸­å¤®çº§,https://www.workercn.cn/c/2024-04-16/8222784.shtml
178,äº‘å—ç½‘,,çœéƒ¨çº§,https://m.yunnan.cn/system/2024/04/01/032995615.shtml
383,ä¸­å›½å¿«è®¯,ç‹äºšå¤,ä¸­å¤®çº§,http://www.ertw.com.cn/a/xinwen/toutiao/2674.html
341,ä¸­å›½é’å¹´ç½‘è½¬è½½,å®‹è€€æ˜,ä¸­å¤®çº§,https://df.youth.cn/dfzl/202403/t20240307_15117480.htm
419,å¹¿ä¸œæ–°é—»ç½‘,"å®‹è€€æ˜
å®‰ç¼",çœéƒ¨çº§,http://csxxb.cn/e9c/OTM0MzcxOTk=.html
418,å¹¿ä¸œæ–°é—»ç½‘,å´”å›½ç‰,çœéƒ¨çº§,http://csxxb.cn/e9c/OTM0MzcxNzI=.html
Tk=.html
418,å¹¿ä¸œæ–°é—»ç½‘,å´”å›½ç‰,çœéƒ¨çº§,http://csxxb.cn/e9c/OTM0MzcxNzI=.html
†¬ã€å¼ ç¾æ€¡,çœéƒ¨çº§,http://www.gd.0391xxw.cn/html/p2nkomg.html
336,ä¸­å›½é’å¹´ç½‘è½¬è½½,å´”å›½ç‰,ä¸­å¤®çº§,https://df.youth.cn/dfzl/202403/t20240306_15115737.htm
383,ä¸­å›½å¿«è®¯,ç‹äºšå¤,ä¸­å¤®çº§,http://www.ertw.com.cn/a/xinwen/toutiao/2674.html
186,ç™¾åº¦æœ‰é©¾,æ¨å¾·æ™¨ã€å¼ ç¾æ€¡,çœéƒ¨çº§,https://www.yoojia.com/article/10315370830687134421.html
182,è…¾è®¯ç½‘,æ¨å¾·æ™¨ã€å¼ ç¾æ€¡,çœéƒ¨çº§,https://new.qq.com/rain/a/20240317A05Y2U00
269,å¹¿å·èµ„è®¯ç½‘,é¾™å†¬ã€å¼ ç¾æ€¡,åœ°å¸‚çº§,http://gz.cns-photo.com/item-y5kjvwj.html
99,äººæ°‘æ—¥æŠ¥å®¢æˆ·ç«¯,"æä¸œæ³¢
å®‰ç¼",ä¸­å¤®çº§,https://wap.peopleapp.com/article/rmh40309177/rmh40309177
419,å¹¿ä¸œæ–°é—»ç½‘,"å®‹è€€æ˜
å®‰ç¼",çœéƒ¨çº§,http://csxxb.cn/e9c/OTM0MzcxOTk=.html
418,å¹¿ä¸œæ–°é—»ç½‘,å´”å›½ç‰,çœéƒ¨çº§,http://csxxb.cn/e9c/OTM0MzcxNzI=.html
350,ä¸­å›½é’å¹´ç½‘è½¬è½½,"å®‰ç¼
å®‹è€€æ˜",ä¸­å¤®çº§,https://df.youth.cn/dfzl/202403/t20240312_15128808.htm
267,å¹¿å·ä¼ä¸šç½‘,è‘£è‰¯å¥½ã€å¼ ç¾æ€¡,åœ°å¸‚çº§,http://www.gz.hcpit.org/news/33pk0my.html
268,å¹¿å·ä¼ä¸šç½‘,é¾™å†¬ã€å¼ ç¾æ€¡,åœ°å¸‚çº§,http://www.gz.hcpit.org/news/bo4r9zg.html
304,ä¸­é’ç½‘,é©¬æ¾æ¶›,ä¸­å¤®çº§,https://t.m.youth.cn/transfer/index/url/df.youth.cn/dfzl/202403/t20240304_15111912.htm
392,ä¸­å›½é’å¹´ç½‘,æ–‡æ‰¿èª,ä¸­å¤®çº§,https://df.youth.cn/dfzl/202403/t20240307_15117542.htm
421,å—æ–¹å·¥æŠ¥,"å®‹è€€æ˜
å®‰ç¼",çœéƒ¨çº§,http://wap.nfgb.com.cn/html5/2024-03/01/node_1.htm?curr=3
413,ç½‘æ˜“,"å®‹è€€æ˜
å®‰ç¼",çœéƒ¨çº§,https://www.163.com/dy/article/INIKV8AV0514ETGI.html
469,æµ·å—æ–°é—»ç½‘,æœ±è¹ã€é‚“è®·,çœéƒ¨çº§,http://binhaics.cn/450/NjM2NDI3NzQ=.html
460,æµ·å—æ–°é—»ç½‘,é‚“è®·ã€å¾æ³¢,çœéƒ¨çº§,http://binhaics.cn/450/NjMzNjUyNjI=.html
460,æµ·å—æ–°é—»ç½‘,é‚“è®·ã€å¾æ³¢,çœéƒ¨çº§,http://binhaics.cn/450/NjMzNjUyNjI=.html
3330138.html
486,æ–°åæŠ¥ä¸šæ±Ÿå—æ—¶æŠ¥ç½‘,ç‹å‰,çœéƒ¨çº§,http://www.jntimes.cn/xxzx/202402/t20240228_8219101.shtml
488,ä»ŠæŠ¥ç½‘,ç‹å‰,çœéƒ¨çº§,http://www.jinbw.com.cn/a/20240228/n_1709090030330828.html
485,å¤§ä¼—ç½‘,ç‹å‰,çœéƒ¨çº§,http://www.dzwww.com/xinwen/jishixinwen/202402/t20240220_13692834.htm
489,å¤§ä¼—ç½‘,ç‹å‰,çœéƒ¨çº§,http://www.dzwww.com/xinwen/jishixinwen/202402/t20240228_13737855.htm
490,ç½‘æ˜“ç½‘,ç‹å‰,çœéƒ¨çº§,https://www.163.com/dy/article/IS14PF740530QRMB.html
492,ä»ŠæŠ¥ç½‘,ç‹å‰,çœéƒ¨çº§,http://www.jinbw.com.cn/a/20240301/n_1709260603331114.html
493,å¤§ä¼—ç½‘,ç‹å‰,çœéƒ¨çº§,http://www.dzwww.com/xinwen/jishixinwen/202403/t20240301_13749537.htm
381,äººæ°‘æ—¥æŠ¥,ç‹äºšå¤,ä¸­å¤®çº§,https://wap.peopleapp.com/article/rmh39940281/rmh39940281
371,ä¸­åå»ºè®¾ç½‘,ç‹å‰,ä¸­å¤®çº§,https://www.zhjsw.cn/news/show-48499.html
497,æµ·è¥¿æ™¨æŠ¥,ç‹äºšå¤,çœéƒ¨çº§,file:///D:/360MoveData/Users/é£æ¸…æ‰¬/Documents/WeChat Files/wxid_a5gxaxx192tk22/FileStorage/Temp/ff91711349d5075b130d6a64c3a4f53.jpg
498,ç¦å»ºä¼ä¸šç½‘,ç‹äºšå¤,çœéƒ¨çº§,http://fj.jkwindows.cn/e10b/b8b74015298.html
499,ç¦å»ºéƒ½å¸‚ç½‘,ç‹äºšå¤,çœéƒ¨çº§,http://fujian365.cn/68fb7/8f4484588920.html
395,äººæ°‘æ—¥æŠ¥,æ–‡æ‰¿èª,ä¸­å¤®çº§,https://wap.peopleapp.com/article/rmh40179659/rmh40179659
503,ç½‘æ˜“,é™ˆå¿—è¯š,çœéƒ¨çº§,https://www.163.com/dy/article/IRA84N3Q0514R9NP.html
504,è…¾è®¯ç½‘,é™ˆå¿—è¯š,çœéƒ¨çº§,https://new.qq.com/rain/a/20240218A03JMI00
413,ç½‘æ˜“,"å®‹è€€æ˜
å®‰ç¼",çœéƒ¨çº§,https://www.163.com/dy/article/INIKV8AV0514ETGI.html
505,è…¾è®¯ç½‘,é™ˆå¿—è¯š,çœéƒ¨çº§,https://new.qq.com/rain/a/20240219A05FDX00
418,å¹¿ä¸œæ–°é—»ç½‘,å´”å›½ç‰,çœéƒ¨çº§,http://csxxb.cn/e9c/OTM0MzcxNzI=.html
419,å¹¿ä¸œæ–°é—»ç½‘,"å®‹è€€æ˜
å®‰ç¼",çœéƒ¨çº§,http://csxxb.cn/e9c/OTM0MzcxOTk=.html
508,å¤§ä¼—ç½‘,æ–‡æ‰¿èª,çœéƒ¨çº§,https://t.m.youth.cn/transfer/index/url/df.youth.cn/dfzl/202403/t20240307_15117542.htm
421,å—æ–¹å·¥æŠ¥,"å®‹è€€æ˜
å®‰ç¼",çœéƒ¨çº§,http://wap.nfgb.com.cn/html5/2024-03/01/node_1.htm?curr=3
516,ä½›å±±+,ä¸é«˜æ´,åœ°å¸‚çº§,https://content.foshanplus.com/newsDetails.html?newsId=847065&memberId=170348&utm_source=fsios&utm_medium=news&utm_campaign=context&utm_term=847065&utm_belong1=170348
517,ä½›å±±+,ä¸é«˜æ´,åœ°å¸‚çº§,https://content.foshanplus.com/newsDetails.html?newsId=847303&memberId=244930&utm_source=fsios&utm_medium=news&utm_campaign=context&utm_term=847303&utm_belong1=244930
427,è…¾è®¯ç½‘,è”¡èŒ‚å“²,çœéƒ¨çº§,https://new.qq.com/rain/a/20240305V02DUZ00
536,ç¿æ€ç½‘,é©¬æ¾æ¶›,åœ°å¸‚çº§,http://app.myzaker.com/news/article.php?pk=65f2cc7a8e9f095c1e571e7b
460,æµ·å—æ–°é—»ç½‘,é‚“è®·ã€å¾æ³¢,çœéƒ¨çº§,http://binhaics.cn/450/NjMzNjUyNjI=.html
469,æµ·å—æ–°é—»ç½‘,æœ±è¹ã€é‚“è®·,çœéƒ¨çº§,http://binhaics.cn/450/NjM2NDI3NzQ=.html
268,å¹¿å·ä¼ä¸šç½‘,é¾™å†¬ã€å¼ ç¾æ€¡,åœ°å¸‚çº§,http://www.gz.hcpit.org/news/bo4r9zg.html
477,æµ·å—æ–°é—»ç½‘,æœ±è¹ã€é‚“è®·,çœéƒ¨çº§,http://binhaics.cn/450/NzI3MTczODQ=.html
204,å¹¿ä¸œä¿¡æ¯ç½‘,é¾™å†¬ã€å¼ ç¾æ€¡,çœéƒ¨çº§,http://www.gd.0391xxw.cn/html/p2nkomg.html
269,å¹¿å·èµ„è®¯ç½‘,é¾™å†¬ã€å¼ ç¾æ€¡,åœ°å¸‚çº§,http://gz.cns-photo.com/item-y5kjvwj.html
205,å¹¿ä¸œå•†ä¸šç½‘,é¾™å†¬ã€å¼ ç¾æ€¡,çœéƒ¨çº§,http://www.gd.guishangwang.cn/news/8gjnp9n.html
454,äº‘å—ç½‘,é‚“è®·,çœéƒ¨çº§,https://society.yunnan.cn/system/2024/02/28/032958008.shtml
549,æ·±åœ³å—å±±ç½‘,å´”å›½ç‰,åœ°å¸‚çº§,https://inanshan.sznews.com/content/2024-03/08/content_30790971.htm
562,å¦é—¨ç»¼åˆå¹¿æ’­,ç‹äºšå¤,åœ°å¸‚çº§,
563,æ€æ˜å¿«æŠ¥,ç‹äºšå¤,åœ°å¸‚çº§,
579,ä¸­å›½é’å¹´ç½‘,ä¸é«˜æ´,ä¸­å¤®çº§,https://df.youth.cn/dfzl/202401/t20240129_15050545.htm
570,ç½‘æ˜“,é™ˆå¿—è¯š,åœ°å¸‚çº§,https://www.163.com/dy/article/IRARI6PM053469LG.html
598,æœªæ¥ç½‘,å•æ˜Šä¸´,ä¸­å¤®çº§,https://news.k618.cn/finance/money/202401/t20240116_19745525.html
607,CCTV-1,é™ˆå¿—è¯š,ä¸­å¤®çº§,
582,äººæ°‘æ—¥æŠ¥å®¢æˆ·ç«¯,å®‰ç¼,ä¸­å¤®çº§,https://wap.peopleapp.com/article/rmh39596024/rmh39596024
611,ä¸­å›½ç½‘,é™ˆå¿—è¯š,ä¸­å¤®çº§,http://life.china.com.cn/gonggao/zixun/detail2_2024_01/20/4293853.html
617,ç½‘æ˜“ç½‘,å§šç‘å“²,çœéƒ¨çº§,https://www.163.com/dy/article/INCOE0TG0530X1OV.html
621,ç™¾åº¦äº®äº®æ–°ä¸–ç•Œ,å§šç‘å“²,çœéƒ¨çº§,T1ã€T2æˆåŠŸâ€œç‰µæ‰‹â€ï¼å¹¿å·ç™½äº‘æœºåœºæˆä¸–ç•Œæœ€å¤§å•ä½“èˆªç«™æ¥¼ (baidu.com)
624,å¹¿ä¸œæ¶ˆå§”ä¼š,å§šç‘å“²,çœéƒ¨çº§,åˆä½“ï¼å…¨çƒæœ€å¤§ï¼å¹¿å·ç™½äº‘æœºåœºå®£å¸ƒ (qq.com)
623,ç½‘æ˜“ç½‘,ä¸é«˜æ´,çœéƒ¨çº§,https://www.163.com/dy/article/INFVVK8F05566CMH.html
628,ç½‘æ˜“ç½‘,ä¸é«˜æ´,çœéƒ¨çº§,èä¼è”è°Šä¿ƒäº¤æµï¼Œè¿™åœºä»¥çƒä¼šå‹çš„ç¯®çƒèµ›ç™½äº‘å¼€æ‰“|åå—|å¹¿ä¸œ|å¹¿å·|ç æµ·|è”è°Š_æ‰‹æœºç½‘æ˜“ç½‘ (163.com)
629,æ–°å¿«ç½‘,ä¸é«˜æ´,çœéƒ¨çº§,èä¼è”è°Šä¿ƒäº¤æµï¼Œè¿™åœºä»¥çƒä¼šå‹çš„ç¯®çƒèµ›ç™½äº‘å¼€æ‰“__æ–°å¿«ç½‘ (xkb.com.cn)
633,ç½‘æ˜“,"å®‹è€€æ˜
å®‰ç¼",çœéƒ¨çº§,https://www.163.com/dy/article/INC316L80535HX8T.html
638,å¹¿ä¸œæ–°é—»ç½‘,å®‰ç¼,çœéƒ¨çº§,http://csxxb.cn/e9c/ODkxMTY0NDM=.html
615,ä¸œæ–¹ç½‘,ä¸é«˜æ´ã€å§šç‘å“²,çœéƒ¨çº§ ,https://qiye.chinadaily.com.cn/a/202401/31/WS65b9c6f6a31026469ab16e97.html
648,ä»ŠæŠ¥ç½‘,å•æ˜Šä¸´,çœéƒ¨çº§,http://www.jinbw.com.cn/a/20240116/n_1705396050327785.html
650,ä¸œæ–¹ä»ŠæŠ¥ç½‘,ç‹å‰,çœéƒ¨çº§,http://www.jinbw.com.cn/a/20240131/n_1706678456329246.html
645,å¤§ä¼—ç½‘,å•æ˜Šä¸´,çœéƒ¨çº§,http://www.dzwww.com/xinwen/jishixinwen/202401/t20240116_13522193.htm
651,å¤§ä¼—ç½‘,ç‹å‰,çœéƒ¨çº§,http://www.dzwww.com/xinwen/jishixinwen/202401/t20240131_13603468.htm
654,è…¾è®¯æ–°é—»,ç‹äºšå¤,çœéƒ¨çº§,https://new.qq.com/rain/a/20230108A075V800
653,æ–°åæŠ¥ä¸šç½‘,ç‹å‰,çœéƒ¨çº§,https://www.xhby.net/content/s65bb0ef5e4b00bc445154319.html
664,è…¾è®¯ç½‘,é™ˆå¿—è¯š,çœéƒ¨çº§,https://new.qq.com/rain/a/20240102A02M6V00
677,ç½‘æ˜“,é™ˆå¿—è¯š,çœéƒ¨çº§,https://www.163.com/dy/article/IOPBCTQ50550HO04.html
673,è…¾è®¯ç½‘,é™ˆå¿—è¯š,çœéƒ¨çº§,https://new.qq.com/rain/a/20240118A0527U00
678,å½“ä»£å…ˆé”‹ç½‘,é™ˆå¿—è¯š,çœéƒ¨çº§,http://www.ddcpc.cn/znlv3/202401/t20240119_6514065.shtml
685,ç½‘æ˜“,é™ˆå¿—è¯š,çœéƒ¨çº§,https://www.163.com/dy/article/IOQS03JG05539N2F.html
679,ä¸­é’åœ¨çº¿,é™ˆå¿—è¯š,çœéƒ¨çº§,https://news.cyol.com/gb/articles/2024-01/19/content_77xnmNueEN.html
686,æµ·è¥¿æ™¨æŠ¥,é™ˆå¿—è¯š,çœéƒ¨çº§,https://new.qq.com/rain/a/20240119A01G3O00
694,ä¸­å›½å¹¿å·æ”¿åºœ,å§šç‘å“²,åœ°å¸‚çº§,ç™½äº‘æœºåœºä¸œå››è¥¿å››æŒ‡å»ŠæŠ•è¿ - å¹¿å·å¸‚äººæ°‘æ”¿åºœé—¨æˆ·ç½‘ç«™ (gz.gov.cn)
693,æ·±åœ³æ–°é—»,å§šç‘å“²,åœ°å¸‚çº§,https://www.sznews.com/news/content/2024-01/01/content_30677877.htm
702,ç‰©æµæ–°é—»,å§šç‘å“²,åœ°å¸‚çº§,å¹¿å·ç™½äº‘æœºåœºä¸œå››è¥¿å››æŒ‡å»ŠæŠ•è¿ - ç‰©æµæŒ‡é—» (headscm.com)
726,æµ·åšTV,é™ˆå¿—è¯š,åœ°å¸‚çº§,https://www.fjtv.net/haibo4/folder335/2024-01-18/5580475.html?_t=1705569177#&_hgOutLink=news/NewsDetail&id=5580475
732,å¤©çœ¼æŸ¥ä¼ä¸šå¤´æ¡,å§šç‘å“²,è¡Œä¸š,https://news.tianyancha.com/ll_wyi86x7pzm.html
740,ä¸­å›½å®‰è£…åä¼š,æå†›å²­ã€è‘£è‰¯å¥½,è¡Œä¸š,https://www.azxh.cn/xhhydt/80598.aspx
778,ä¸­å›½åŸºå±‚ç½‘,æœ±è¹ã€é‚“è®·,ä¸­å¤®çº§,http://www.chinajiceng.com.cn/news/2024-11-29/266776.html
785,ä¸­å›½å‘å±•æ—¶æŠ¥,æœ±è¹ã€é‚“è®·,ä¸­å¤®çº§,https://news.idayuanshuai.com/9790.html
792,ä¸­å›½ç»æµæŠ¥é“,æœ±è¹ã€é‚“è®·,ä¸­å¤®çº§,https://industry.cnews.org.cn/411380.html
795,ä¸­å›½ç»æµæ™ºåº“,æœ±è¹ã€é‚“è®·,ä¸­å¤®çº§,https://zixun.jingjizk.net/374195.html
816,ç¯çƒç½‘å’¨è¯¢,ç¨‹æ™¯ä¼Ÿ è¦ƒæ˜¥æ™– é™ˆè‰³ä¸½,çœéƒ¨çº§,https://www.163.com/dy/article/JKCD7SJ00514R9OJ.html
817,è…¾è®¯,ç¨‹æ™¯ä¼Ÿ è¦ƒæ˜¥æ™– é™ˆè‰³ä¸½,çœéƒ¨çº§,https://news.qq.com/rain/a/20241226A0ADY100
818,è§‚ç‚¹æ–°åª’ä½“,ç¨‹æ™¯ä¼Ÿ è¦ƒæ˜¥æ™– é™ˆè‰³ä¸½,çœéƒ¨çº§,https://news.qq.com/rain/a/20241226A09TGW00?suid=&media_id=
852,ç½‘æ˜“,å•æ˜Šä¸´,çœéƒ¨çº§,https://www.163.com/dy/article/JJKC4JUG05565EU3.html
850,å¹¿ä¸œç›‘ç†,å•æ˜Šä¸´,çœéƒ¨çº§,https://news.scut.edu.cn/2024/1211/c41a56571/page.htm
863,å¹¿ä¸œå¤´æ¡ç½‘,è”¡é›¯é™,çœéƒ¨çº§,http://gdtt.csxxb.cn/dce37/b0e28606120.html
864,å¹¿ä¸œèµ„è®¯ç½‘,è”¡é›¯é™,çœéƒ¨çº§,http://syjinri.cn/529/MTI4NzI3NTQ5.html
865,å¹¿ä¸œéƒ½å¸‚,è”¡é›¯é™,çœéƒ¨çº§,http://lzdushi.cn/604/ODU4MTgzNzI=.html
866,å¹¿ä¸œæ–°é—»ç½‘,è”¡é›¯é™,çœéƒ¨çº§,http://csxxb.cn/e9c/MTI4NzI3NTY3.html
868,å¹¿ä¸œå¤´æ¡ç½‘,è”¡é›¯é™,çœéƒ¨çº§,http://gdtt.csxxb.cn/dce37/b0e33278576.html
869,å¹¿ä¸œèµ„è®¯ç½‘,è”¡é›¯é™,çœéƒ¨çº§,http://syjinri.cn/529/MTQ5NzUzNjAx.html
870,å¹¿ä¸œæ–°é—»ç½‘,è”¡é›¯é™,çœéƒ¨çº§,http://csxxb.cn/e9c/MTQ5NzUzNjEw.html
891,ç½‘æ˜“ç½‘,åˆ˜èŠ³,çœéƒ¨çº§,https://www.163.com/dy/article/JKBIE4CT0514FBRT.html
892,æµ·è¥¿æ™¨æŠ¥,ç‹äºšå¤,çœéƒ¨çº§,file:///D:/360MoveData/Users/é£æ¸…æ‰¬/Documents/WeChat Files/wxid_a5gxaxx192tk22/FileStorage/Temp/4964933a9ef76b22293f8b6ce64089f.png
899,è…¾è®¯ç½‘,æ–‡æ‰¿èª,çœéƒ¨çº§,https://news.qq.com/rain/a/20241116A02X7900
906,è…¾è®¯ç½‘,æ–‡æ‰¿èª,çœéƒ¨çº§,https://news.qq.com/rain/a/20241122A016G200
907,ç¦å»ºå«è§†æ–°é—»,æ–‡æ‰¿èª,çœéƒ¨çº§,https://www.fjtv.net/yw/2024-11-21/6284427.html
910,è…¾è®¯ç½‘,æ–‡æ‰¿èª,çœéƒ¨çº§,https://news.qq.com/rain/a/20241126A02K5K00
916,è…¾è®¯ç½‘,æ–‡æ‰¿èª,çœéƒ¨çº§,https://news.qq.com/rain/a/20241212A02US800
917,è…¾è®¯ç½‘,æ–‡æ‰¿èª,çœéƒ¨çº§,https://news.qq.com/rain/a/20241208A03SRR00
922,ç¾ŠåŸæ´¾,å§šç‘å“²ã€å´”å›½ç‰,åœ°å¸‚çº§,https://news.qq.com/rain/a/20241129A09LX800
923,å¹¿å·æ—¥æŠ¥,å§šç‘å“²ã€å´”å›½ç‰,åœ°å¸‚çº§,https://news.qq.com/rain/a/20241129A08E1I00
925,ç¾ŠåŸæ´¾,å§šç‘å“²ã€å´”å›½ç‰,åœ°å¸‚çº§,https://news.qq.com/rain/a/20241212A0A2WQ00
949,è§‚ç‚¹æ–°åª’ä½“,å§šç‘å“²ã€å´”å›½ç‰,åœ°å¸‚çº§,https://news.qq.com/rain/a/20241203A0517Y00
969,Iå¬å¦é—¨,ç‹äºšå¤,åœ°å¸‚çº§,file:///D:/360MoveData/Users/é£æ¸…æ‰¬/Documents/WeChat Files/wxid_a5gxaxx192tk22/FileStorage/Temp/b8e28b387f6f9eb96e623f8fb636442.png
1017,ä¸­èˆªå·¥ä¸š,ç‹äºšå¤,è¡Œä¸š,file:///D:/360MoveData/Users/é£æ¸…æ‰¬/Documents/WeChat Files/wxid_a5gxaxx192tk22/FileStorage/Temp/8e04fc46bc2eb96d23d00c83d80e027.png
1044,æ‹›æ ‡ç½‘,é©¬æ¾æ¶›,ä¸­å¤®çº§,https://xm.zhaobiao.cn/project_v_886064.html
1082,ä¸­å›½ç»æµæ™ºåº“,é‚“è®·,ä¸­å¤®çº§,https://zixun.jingjizk.net/370120.html
1101,è…¾è®¯ç½‘,ä¸ä¿Šå³°,çœéƒ¨çº§,https://news.qq.com/rain/a/20241011A09FF600
1107,ç½‘æ˜“è§†é¢‘,ä¸é«˜æ´,çœéƒ¨çº§,https://www.163.com/v/video/VEE1D77D0.html
1112,è…¾è®¯ç½‘,è¦ƒæ˜¥æ™–,çœéƒ¨çº§,https://news.qq.com/rain/a/20241027A05Q2H00
1093,ä¸­å›½ä¿¡æ¯ç½‘,ç‹äºšå¤,ä¸­å¤®çº§,http://www.zgnews.com.cn/news/guonei/2024-10-23/37851.html
1116,ç½‘æ˜“,ä¸ä¿Šå³°,çœéƒ¨çº§,https://www.163.com/dy/article/JE1QA0360530X1OV.html
1113,è…¾è®¯ç½‘,è¦ƒæ˜¥æ™–,çœéƒ¨çº§,https://news.qq.com/rain/a/20241027A05Y6S00
1120,ç½‘æ˜“å·,ä¸é«˜æ´,çœéƒ¨çº§,https://www.163.com/dy/article/JH1FCUBD0550TYQ0.html
1119,è…¾è®¯ç½‘,ä¸é«˜æ´,çœéƒ¨çº§,https://news.qq.com/rain/a/20241115A02MWY00
1127,é²ç½‘è´¢ç»,é©¬æ¾æ¶›,çœéƒ¨çº§,https://f.sdnews.com.cn/zwxx/202410/t20241030_4451387.htm
1152,å¹¿ä¸œå¤´æ¡ç½‘,ç‹èª,çœéƒ¨çº§,http://gdtt.csxxb.cn/dce37/b0e31685546.html
1153,å¹¿ä¸œæ–°é—»ç½‘,ç‹èª,çœéƒ¨çº§,http://csxxb.cn/e9c/MTQyNTg0OTc1.html
1155,å¹¿ä¸œä¹‹å£°,ç‹èª,çœéƒ¨çº§,http://fzxinxi.cn/b9b/MTU4NDI3Nzc=.html
895,å¤§é©¬å—æ´‹é€š,èµµç¥ç€,å±åœ°çœéƒ¨çº§,https://www.facebook.com/seatocmy/photos/
896,å›½å¤å’¨è¯¢,èµµç¥ç€,å±åœ°çœéƒ¨çº§,https://news.goalfore.cn/topstories/detail/74752.html
1158,äº‘å—ç½‘,å¼ ç¾æ€¡,çœéƒ¨çº§,https://health.yunnan.cn/system/2024/10/24/033278273.shtml
1180,ç½‘æ˜“ç½‘,ä¼å­¦é“,çœéƒ¨çº§,https://www.163.com/dy/article/JEITSKRT0534JJCG.html
1181,è…¾è®¯æ–°é—»,ä¼å­¦é“,çœéƒ¨çº§,https://news.qq.com/rain/a/20241015A09QGG00?suid=&media_id=
1183,è…¾è®¯ç½‘,ä¼å­¦é“,çœéƒ¨çº§,https://news.qq.com/rain/a/20240901A06ULS00
1190,PropertyGuru,èµµç¥ç€,å±åœ°çœéƒ¨çº§,https://www.propertyguru.com.my/property-news/2024/11/212153/tropicana-begins-construction-on-lido-waterfront-boulevard-in-johor
1193," Skypark Kepler",èµµç¥ç€,å±åœ°çœéƒ¨çº§,https://www.yournewasiahome.com/skypark-kepler/
1194,iProperty,èµµç¥ç€,å±åœ°çœéƒ¨çº§,https://www.iproperty.com.my/news/tropicana-begins-construction-on-lido-waterfront-boulevard-in-johor-97365
1187,Orientaldaily,èµµç¥ç€,å±åœ°çœéƒ¨çº§,https://www.klsescreener.com/v2/news/view/1418055/%E4%B8%BD%E9%98%B3%E6%9C%BA%E6%9E%84%E6%9F%94%E4%BD%9B%E6%96%B0%E5%B7%A8%E4%BD%9C-lido-waterfront-boulevard%E4%BA%AE%E7%82%B9%E9%80%90%E4%B8%AA%E7%9C%8B
1197,Linkedin,èµµç¥ç€,å±åœ°çœéƒ¨çº§,https://www.linkedin.com/posts/edgeprop-malaysia_tropicana-unveils-lido-waterfront-boulevard-activity-7257951218306555906-9Hvs
1196,EdgeProp,èµµç¥ç€,å±åœ°çœéƒ¨çº§,https://www.edgeprop.sg/property-news/best-both-worlds-skypark-kepler-offers-advanced-modern-living-superb%C2%A0connectivity
1195,starproperty,èµµç¥ç€,å±åœ°çœéƒ¨çº§,https://www.starproperty.my/news/property-news/tropicana-begins-construction-on-lido-waterfront-boulevard-in-johor-skypark-kepler/130114
1206,è…¾è®¯ç½‘,æ–‡æ‰¿èª,çœéƒ¨çº§,https://new.qq.com/rain/a/20241020A04DY800
1208,è…¾è®¯ç½‘,æ–‡æ‰¿èª,çœéƒ¨çº§,https://news.qq.com/rain/a/20241028A0532V00
1214,ç½‘æ˜“ç½‘,æ–‡æ‰¿èª,çœéƒ¨çº§,https://www.163.com/dy/article/JGT5M8K50537AAUT.html
1213,è…¾è®¯ç½‘,æ–‡æ‰¿èª,çœéƒ¨çº§,https://news.qq.com/rain/a/20241115A033Q700
1098,é©¬æ¥è¥¿äºšä¸­å›½æŠ¥,èµµç¥ç€,ä¸­å¤®çº§,https://www.chinapress.com.my/20241113/%E6%9F%94%E4%BD%9B%E4%B8%BD%E9%83%BD%E6%B5%B7%E6%BB%A8%E5%A4%A7%E9%81%93%E9%A6%96%E6%9C%9F%E5%8F%91%E5%B1%95%E4%B8%BE%E8%A1%8C%E5%8A%A8%E5%9C%9F%E7%A4%BC/
1271,æ¢…å·å¸‚äººæ°‘æ”¿åºœ,ä¼å­¦é“,åœ°å¸‚çº§,https://www.meizhou.gov.cn/zwgk/gzdt/qxdt/content/post_2668866.html
1273,æ¢…å·æ—¥æŠ¥,ä¼å­¦é“,åœ°å¸‚çº§,https://mzrb.meizhou.cn/html/2024-10/16/content_367555.htm
1287,å’¸å®æ–°é—»ç½‘,å¼ ç¾æ€¡,åœ°å¸‚çº§,http://www.xnnews.com.cn/zxsd25178/sqdt/202410/t20241025_3780482.shtml
1185,bmdam,èµµç¥ç€,å±åœ°çœéƒ¨çº§,https://www.instagram.com/bmdam.org.my/p/DB1IxabOmSS/?img_index=1
1188,ä¸œæ–¹online,èµµç¥ç€,å±åœ°çœéƒ¨çº§,https://www.orientaldaily.com.my/news/business/2024/11/01/690220
1198,yahoo news,èµµç¥ç€,å±åœ°çœéƒ¨çº§,https://sg.news.yahoo.com/best-both-worlds-lido-waterfront-093000884.html
1199,KLCL,èµµç¥ç€,å±åœ°çœéƒ¨çº§,https://www.pickastock.info/news?id=392866
1200,PICKASTOCK,èµµç¥ç€,å±åœ°çœéƒ¨çº§,https://www.google.com/search?q=%E6%9F%94%E4%BD%9B%E4%B8%BD%E9%83%BD%E6%B5%B7%E6%BB%A8%E5%A4%A7%E9%81%93%E9%A6%96%E6%9C%9F%E5%8F%91%E5%B1%95%E4%B8%BE%E8%A1%8C%E5%8A%A8%E5%9C%9F%E7%A4%BC&sca_esv=9844c5af186a16ef&sxsrf=ADLYWII5aI8xYFhkto0reCKt4UKgdJdYFw:1732070084178&ei=xEo9Z-rMCtif4-EPj8iawAk&start=10&sa=N&sstk=ATObxK7U6HCXWGvDecH2mVaYDOxEOelWooi3cLz_pxXmIAns2bMqu2xni2bs9pBa8lt_Nb-9ea4sqwhQY393kype29soh7Lo5h5UxA&ved=2ahUKEwjqvt_w7-mJAxXYzzgGHQ-kBpgQ8tMDegQICBAE&biw=1470&bih=747&dpr=1#vhid=wi4IIF1m6bp_0M&vssid=_uks9Z_C_JeaR4-EP5tSBgA0_31
1203,å¤§é©¬å—æ´‹é€š,èµµç¥ç€,å±åœ°çœéƒ¨çº§,https://www.facebook.com/seatocmy/photos/
1432,ä¸­å·¥ç½‘,é‚“è®·,ä¸­å¤®çº§,https://www.workercn.cn/c/2024-05-08/8247154.shtml
1436,æœªæ¥ç½‘,è¿Ÿç«‹åˆš,ä¸­å¤®çº§,https://news.k618.cn/finance/money/202404/t20240422_19758956.html
1450,ä¸­å·¥ç½‘,è‘£è‰¯å¥½ã€å¼ ç¾æ€¡,ä¸­å¤®çº§,https://www.workercn.cn/c/2024-04-16/8222784.shtml
1454,ä¸­å›½åŸå¸‚æ–°é—»ç½‘,ç‹äºšå¤,ä¸­å¤®çº§,http://cncity.hainanhk.cn/a351/1b2013207780.html
1459,ä¸­å›½ä¿¡æ¯æŠ¥é“,ç‹äºšå¤ã€æ¨æ–‡å½¬,ä¸­å¤®çº§,http://xinxibd.tsxxg.cn/62961/aa565414290.html
1472,å—æ–¹å·¥æŠ¥,ä¸é«˜æ´,çœéƒ¨çº§,http://wap.nfgb.com.cn/html5/2024-04/18/content_14_24875.htm?curr=
1474,å—æ–¹å·¥æŠ¥,ä¸é«˜æ´,çœéƒ¨çº§,http://www.nfgb.com.cn/zg/content/mpost_1239707.html
1476,å—æ–¹å·¥æŠ¥,ä¸é«˜æ´,çœéƒ¨çº§,http://wap.nfgb.com.cn/html5/2024-04/25/content_15_25011.htm?curr=
1489,ç½‘æ˜“,è¦ƒæ˜¥æ™–,çœéƒ¨çº§,https://www.163.com/v/video/VP105RIOO.html
1492,ç½‘æ˜“,è¦ƒæ˜¥æ™–,çœéƒ¨çº§,https://www.163.com/dy/article/J1TV1IQG0519QIKK.html
1493,ç½‘æ˜“,è¦ƒæ˜¥æ™–,çœéƒ¨çº§,https://www.163.com/dy/article/J1TSRV0Q0519D45U.html
1495,è…¾è®¯ç½‘,è¦ƒæ˜¥æ™–,çœéƒ¨çº§,https://new.qq.com/rain/a/20240511A05O0600
1504,æµ·å—éƒ½å¸‚æ—¥æŠ¥,é‚“è®·,çœéƒ¨çº§,http://hndsrb.cn/5f3/Nzg0OTcyMDg=.html
1499,äº‘å—ç½‘,é‚“è®·,çœéƒ¨çº§,http://society.yunnan.cn/system/2024/05/05/033039105.shtml
1508,æµ·å—æµ·å£ç½‘,é‚“è®·,çœéƒ¨çº§,http://hainanhk.cn/9da02/39f65414320.html
1512,æµ·å—æ–°é—»ç½‘,é‚“è®·,çœéƒ¨çº§,http://binhaics.cn/450/Nzg0OTcxNjA=.html
1518,æµ·å—éƒ½å¸‚æ—¥æŠ¥,é‚“è®·,çœéƒ¨çº§,http://hndsrb.cn/5f3/NzkwOTEyMzg=.html
1522,æµ·å—æ–°é—»ç½‘,é‚“è®·,çœéƒ¨çº§,http://binhaics.cn/450/NzkwOTEyMDI=.html
1532,å—æ–¹å·¥æŠ¥ï¼ˆçº¸åª’ï¼‰,ç™½å å®,çœéƒ¨çº§,
1530,å—æ–¹å·¥æŠ¥,ç™½å å®,çœéƒ¨çº§,http://www.nfgb.com.cn/zg/content/mpost_1239127.html
1531,å—æ–¹å·¥æŠ¥,ç™½å å®,çœéƒ¨çº§,http://wap.nfgb.com.cn/html5/2024-04/23/content_15_24950.htm?curr=
1535,å—æ–¹å·¥æŠ¥,ç™½å å®,çœéƒ¨çº§,http://www.nfgb.com.cn/zg/content/mpost_1241058.html
1539,è…¾è®¯ç½‘,å¼ ç¾æ€¡,çœéƒ¨çº§,https://new.qq.com/rain/a/20240416A00ACK00
1543,ç¦å»ºä¼ä¸šç½‘,ç‹äºšå¤,çœéƒ¨çº§,http://fj.jkwindows.cn/e10b/b8b92454453.html
1544,ç¦å»ºéƒ½å¸‚ç½‘,ç‹äºšå¤,çœéƒ¨çº§,http://fujian365.cn/68fb7/8f44105662224.html
1546,ç¦å»ºä¼ä¸šç½‘,ç‹äºšå¤ã€æ¨æ–‡å½¬,çœéƒ¨çº§,http://fj.jkwindows.cn/e10b/b8b91579985.html
1547,ç¦å»ºéƒ½å¸‚ç½‘,ç‹äºšå¤ã€æ¨æ–‡å½¬,çœéƒ¨çº§,http://fujian365.cn/68fb7/8f44104662832.html
1548,ç¦å»ºä¼ä¸šç½‘,æˆ´ç¾æ…§,çœéƒ¨çº§,http://fj.jkwindows.cn/e10b/b8b92494010.html
1549,ç¦å»ºéƒ½å¸‚ç½‘,æˆ´ç¾æ…§,çœéƒ¨çº§,http://fujian365.cn/68fb7/8f44105707432.html
1550,ç¦å»ºå‘å¸ƒ,ç‹äºšå¤,çœéƒ¨çº§,file:///D:/360MoveData/Users/é£æ¸…æ‰¬/Documents/WeChat Files/wxid_a5gxaxx192tk22/FileStorage/Temp/06e74ad2076c3840634a54397768dcd.png
1552,æµ·å³¡å¯¼æŠ¥,ç‹äºšå¤,çœéƒ¨çº§,file:///D:/360MoveData/Users/é£æ¸…æ‰¬/Documents/WeChat Files/wxid_a5gxaxx192tk22/FileStorage/Temp/fae18480f37860fb5847a5297a97d53.png
1555,æµ·è¥¿æ™¨æŠ¥,ç‹äºšå¤,çœéƒ¨çº§,file:///D:/360MoveData/Users/é£æ¸…æ‰¬/Documents/WeChat Files/wxid_a5gxaxx192tk22/FileStorage/Temp/aaff891313288a44af25fd4a70dcf5b.png
1556,æµ·è¥¿æ™¨æŠ¥,ç‹äºšå¤,çœéƒ¨çº§,file:///D:/360MoveData/Users/é£æ¸…æ‰¬/Documents/WeChat Files/wxid_a5gxaxx192tk22/FileStorage/Temp/00d11db46987be3e1e1f8ef2318529d.png
1558,ç½‘æ˜“æ–°é—»,ç‹äºšå¤,çœéƒ¨çº§,https://www.163.com/dy/article/J0MK6F4S05565EU3.html
1560,ä¸œæ–¹èµ„è®¯,ç‹äºšå¤,çœéƒ¨çº§,https://mini.eastday.com/nsa/240425100210433443946.html?qid=02263&vqid=qid02650
1441,ä¸­åå»ºè®¾ç½‘,è¿Ÿç«‹åˆš,ä¸­å¤®çº§,https://www.zhjsw.cn/news/show-49713.html
1551,ç¦å»ºå«è§†é¢‘é“,ç‹äºšå¤,çœéƒ¨çº§,https://headline.fjtv.net/haibo4/2024-04-25/5846395.html?_t=1714046029
1563,æ–°æµªè´¢ç»,æ–‡æ‰¿èª,çœéƒ¨çº§,https://finance.sina.com.cn/jjxw/2024-04-16/doc-inaryssy2807451.shtm
1587,å¦é—¨ç»¼åˆå¹¿æ’­,ç‹äºšå¤,åœ°å¸‚çº§,file:///D:/360MoveData/Users/é£æ¸…æ‰¬/Documents/WeChat Files/wxid_a5gxaxx192tk22/FileStorage/Temp/9c984ab06042239d7c2f06e3dbeda5a.png
1588,å¦é—¨äº¤é€š,ç‹äºšå¤,åœ°å¸‚çº§,file:///D:/360MoveData/Users/é£æ¸…æ‰¬/Documents/WeChat Files/wxid_a5gxaxx192tk22/FileStorage/Temp/73cd20bb47be0f30e85ca57278b03b6.png
1591,å¦é—¨æ—¥æŠ¥,ç‹äºšå¤,åœ°å¸‚çº§,file:///D:/360MoveData/Users/é£æ¸…æ‰¬/Documents/WeChat Files/wxid_a5gxaxx192tk22/FileStorage/Temp/4ba02035cf719936442fba635d95be0.png
1593,å¦é—¨å¹¿ç”µ,ç‹äºšå¤,åœ°å¸‚çº§,file:///D:/360MoveData/Users/é£æ¸…æ‰¬/Documents/WeChat Files/wxid_a5gxaxx192tk22/FileStorage/Temp/5eb3aacf596e671d6682a40c47b77b6.png
1595,å¦é—¨è‡ªè´¸åŒº,ç‹äºšå¤,åœ°å¸‚çº§,file:///D:/360MoveData/Users/é£æ¸…æ‰¬/Documents/WeChat Files/wxid_a5gxaxx192tk22/FileStorage/Temp/e2e26129a8535c92df78b6a78bb9e89.png
1634,å…¨å›½åŸºå±‚å…šå»ºç½‘,åˆ˜æ¥šé€¸,ä¸­å¤®çº§,https://www.zgdj71.org.cn/yiyuandangjian/18202.html
1636,å…¨å›½åŸºå±‚å…šå»ºç½‘,ä¸é«˜æ´,ä¸­å¤®çº§,https://www.zgdj71.org.cn/zhonghebaodao/18286.html
1638,äººæ°‘æ—¥æŠ¥,ä¸é«˜æ´,ä¸­å¤®çº§,https://www.peopleapp.com/column/30046218958-500005666489
1645,ä¸­åæ–°é—»ç½‘,é‚“è®·,ä¸­å¤®çº§,http://www.chinaxww.cn/post/6320.html
1650,ä¸­åæ–°é—»ç½‘,é‚“è®·,ä¸­å¤®çº§,http://www.chinaxww.cn/post/6318.html
1665,ä¸­å›½ä¼ä¸šæ–°é—»ç½‘,å¾æ™“ä¸œ,ä¸­å¤®çº§,http://cnqiye.top/3aa/feb41556462.html
1655,ä¸­åæ–°é—»ç½‘,é‚“è®·,ä¸­å¤®çº§,http://www.chinaxww.cn/post/6319.html
1663,æœªæ¥ç½‘,å•æ˜Šä¸´,ä¸­å¤®çº§,https://news.k618.cn/finance/money/202407/t20240711_19772618.html
1669,ä¸­å›½åŸå¸‚æ–°é—»ç½‘,é­æ›¼æ›¼,ä¸­å¤®çº§,http://cncity.hainanhk.cn/a351/1b2013675362.html
1672,ä¸­å›½ä¿¡æ¯æŠ¥é“,é­æ›¼æ›¼,ä¸­å¤®çº§,http://xinxibd.tsxxg.cn/62961/aa568376825.html
1675,ä¸­å›½ä¿¡æ¯æŠ¥é“,ç‹äºšå¤,ä¸­å¤®çº§,http://xinxibd.tsxxg.cn/62961/aa574982150.html
1696,æµ·å—æ–°é—»ç½‘,é‚“è®·,çœéƒ¨çº§,http://binhaics.cn/450/ODk3OTA0MDI=.html
1703,æµ·å—æ–°é—»ç½‘,é‚“è®·,çœéƒ¨çº§,http://binhaics.cn/450/ODk3OTY0NTY=.html
1712,æµ·å—æ–°é—»ç½‘,é‚“è®·,çœéƒ¨çº§,http://binhaics.cn/450/ODk3OTY1MjI=.html
1729,å¹¿ä¸œå¤´æ¡ç½‘,å¾æ™“ä¸œ,çœéƒ¨çº§,http://gdtt.csxxb.cn/dce37/b0e27704298.html
1730,å¹¿ä¸œèµ„è®¯ç½‘,å¾æ™“ä¸œ,çœéƒ¨çº§,http://syjinri.cn/529/MTI0NjY5MzUw.html
1731,å¹¿ä¸œéƒ½å¸‚,å¾æ™“ä¸œ,çœéƒ¨çº§,http://lzdushi.cn/604/ODMxMTI5MDY=.html
1732,å¹¿ä¸œæ–°é—»ç½‘,å¾æ™“ä¸œ,çœéƒ¨çº§,http://csxxb.cn/e9c/MTI0NjY5MzY4.html
1737,ç½‘æ˜“æ–°é—»,é­æ›¼æ›¼,çœéƒ¨çº§,https://www.163.com/dy/article/J7FQQR0G0550AXYG.html
1760,å¹¿ä¸œæ–°é—»ç½‘,é­æ›¼æ›¼,çœéƒ¨çº§,http://csxxb.cn/e9c/MTIzMDc4NjAw.html
1736,è…¾è®¯ç½‘,é­æ›¼æ›¼,çœéƒ¨çº§,https://new.qq.com/rain/a/20240719A07MYH00
1746,å¹¿ä¸œå¤´æ¡ç½‘,å¾æ™“ä¸œ,çœéƒ¨çº§,http://gdtt.csxxb.cn/dce37/b0e30046508.html
1747,å¹¿ä¸œèµ„è®¯ç½‘,å¾æ™“ä¸œ,çœéƒ¨çº§,http://syjinri.cn/529/MTM1MjA5Mjk1.html
1748,å¹¿ä¸œæ–°é—»ç½‘,å¾æ™“ä¸œ,çœéƒ¨çº§,http://csxxb.cn/e9c/MTM1MjA5MzA0.html
1740,è…¾è®¯ç½‘,é­æ›¼æ›¼,çœéƒ¨çº§,https://new.qq.com/rain/a/20240610A07P9P00
1752,å¹¿ä¸œä¹‹å£°,å¾æ™“ä¸œ,çœéƒ¨çº§,http://fzxinxi.cn/b9b/MTUwMjMyNjA=.html
1753,å¹¿ä¸œä¹‹çª—,å¾æ™“ä¸œ,çœéƒ¨çº§,http://gyjinri.cn/0409c/0c830046522.html
1735,è…¾è®¯ç½‘,é­æ›¼æ›¼,çœéƒ¨çº§,https://view.inews.qq.com/k/20240524A07ZG700
1756,å¹¿ä¸œèµ„è®¯ç½‘,å¾æ™“ä¸œ,çœéƒ¨çº§,http://syjinri.cn/529/MTM2NzI0Njc5.html
1757,å¹¿ä¸œæ–°é—»ç½‘,å¾æ™“ä¸œ,çœéƒ¨çº§,http://csxxb.cn/e9c/MTM2NzI0Njg4.html
1759,å¹¿ä¸œä¹‹å£°,å¾æ™“ä¸œ,çœéƒ¨çº§,http://fzxinxi.cn/b9b/MTUxOTE2MzQ=.html
1762,å¹¿ä¸œä¹‹å£°,é­æ›¼æ›¼,çœéƒ¨çº§,http://fzxinxi.cn/b9b/MTM2NzU0MDM=.html
1765,ç¦å»ºä¼ä¸šç½‘,ç‹äºšå¤,çœéƒ¨çº§,http://fj.jkwindows.cn/e10b/b8b107423218.html
1766,ç¦å»ºæ–°é—»ç½‘,ç‹äºšå¤,çœéƒ¨çº§,http://fjxxw.top/ce9/MTUzNDYxNzM=.html
1767,ç¦å»ºä¼ä¸šç½‘,ç‹äºšå¤,çœéƒ¨çº§,http://fj.jkwindows.cn/e10b/b8b104975003.html
1768,ç¦å»ºæ–°é—»ç½‘,ç‹äºšå¤,çœéƒ¨çº§,http://fjxxw.top/ce9/MTQ5OTY0Mjg=.html
1724,å¹¿ä¸œå¤´æ¡ç½‘,å•æ˜Šä¸´,çœéƒ¨çº§,http://gdtt.csxxb.cn/dce37/b0e29383310.html
1725,å¹¿ä¸œèµ„è®¯ç½‘,å•æ˜Šä¸´,çœéƒ¨çº§,http://syjinri.cn/529/MTMyMjI0OTA0.html
1771,æµ·è¥¿æ™¨æŠ¥,ç‹äºšå¤,çœéƒ¨çº§,file:///D:/360MoveData/Users/é£æ¸…æ‰¬/Documents/WeChat Files/wxid_a5gxaxx192tk22/FileStorage/Temp/e3ea42f7845434ac44829508a337b1f.jpg
1773,ç½‘æ˜“æ–°é—»,ç‹äºšå¤,çœéƒ¨çº§,https://www.163.com/dy/article/J97GJNIT0514R9NP.html
1779,é™•è¥¿åœ¨çº¿,é™ˆå¿—è¯š,çœéƒ¨çº§,http://ccjinri.cn/fc894/e9475644805.html
1726,å¹¿ä¸œæ–°é—»ç½‘,å•æ˜Šä¸´,çœéƒ¨çº§,http://csxxb.cn/e9c/MTMyMjI0OTEz.html
1813,é™•è¥¿åœ¨çº¿,é™ˆå¿—è¯š,çœéƒ¨çº§,http://ccjinri.cn/fc894/e9475644785.html
1798,é™•è¥¿åœ¨çº¿,é™ˆå¿—è¯š,çœéƒ¨çº§,http://ccjinri.cn/fc894/e9475644765.html
1790,é™•è¥¿ä¿¡æ¯ç½‘,é™ˆå¿—è¯š,çœéƒ¨çº§,http://www.sx.0391xxw.cn/html/mzqzqzo.html
1787,é™•è¥¿çƒ­çº¿,é™ˆå¿—è¯š,çœéƒ¨çº§,http://www.sx.hcpit.org/news/zm0g263.html
1788,é™•è¥¿ç½‘,é™ˆå¿—è¯š,çœéƒ¨çº§,http://www.sx.hebgdhht.com/article/82d5y0n.html
1789,é™•è¥¿æ–‡åŒ–ç½‘,é™ˆå¿—è¯š,çœéƒ¨çº§,http://www.sx.tv56.com.cn/p/52y2y2n.html

1789,é™•è¥¿æ–‡åŒ–ç½‘,é™ˆå¿—è¯š,çœéƒ¨çº§,http://www.sx.tv56.com.cn/p/52y2y2n.html
cle/om4o3yy.html
1804,é™•è¥¿æ–‡åŒ–ç½‘,é™ˆå¿—è¯š,çœéƒ¨çº§,http://www.sx.tv56.com.cn/p/9pzpzpm.html
1805,é™•è¥¿ä¿¡æ¯ç½‘,é™ˆå¿—è¯š,çœéƒ¨çº§,http://www.sx.0391xxw.cn/html/4252522.html
1843,é™•è¥¿åœ¨çº¿,é™ˆå¿—è¯š,çœéƒ¨çº§,http://ccjinri.cn/fc894/e9475644715.html
1817,é™•è¥¿çƒ­çº¿,é™ˆå¿—è¯š,çœéƒ¨çº§,http://www.sx.hcpit.org/news/g9p4vyk.html
1818,é™•è¥¿ç½‘,é™ˆå¿—è¯š,çœéƒ¨çº§,http://www.sx.hebgdhht.com/article/pdr5v6g.html
1819,é™•è¥¿æ–‡åŒ–ç½‘,é™ˆå¿—è¯š,çœéƒ¨çº§,http://www.sx.tv56.com.cn/p/wopopoz.html
1820,é™•è¥¿ä¿¡æ¯ç½‘,é™ˆå¿—è¯š,çœéƒ¨çº§,http://www.sx.0391xxw.cn/html/d2g2g2n.html
1858,é™•è¥¿åœ¨çº¿,é™ˆå¿—è¯š,çœéƒ¨çº§,http://ccjinri.cn/fc894/e9475644625.html
1832,é™•è¥¿çƒ­çº¿,é™ˆå¿—è¯š,çœéƒ¨çº§,http://www.sx.hcpit.org/news/dm3dvyn.html
1834,é™•è¥¿æ–‡åŒ–ç½‘,é™ˆå¿—è¯š,çœéƒ¨çº§,http://www.sx.tv56.com.cn/p/6zgzgz3.html
1833,é™•è¥¿ç½‘,é™ˆå¿—è¯š,çœéƒ¨çº§,http://www.sx.hebgdhht.com/article/wjz3q6z.html
1835,é™•è¥¿ä¿¡æ¯ç½‘,é™ˆå¿—è¯š,çœéƒ¨çº§,http://www.sx.0391xxw.cn/html/q2b2b24.html
1873,é™•è¥¿åœ¨çº¿,é™ˆå¿—è¯š,çœéƒ¨çº§,http://ccjinri.cn/fc894/e9475644605.html
1847,é™•è¥¿çƒ­çº¿,é™ˆå¿—è¯š,çœéƒ¨çº§,http://www.sx.hcpit.org/news/4vjgrq2.html
1848,é™•è¥¿ç½‘,é™ˆå¿—è¯š,çœéƒ¨çº§,http://www.sx.hebgdhht.com/article/92wmkqm.html
1849,é™•è¥¿æ–‡åŒ–ç½‘,é™ˆå¿—è¯š,çœéƒ¨çº§,http://www.sx.tv56.com.cn/p/vjgjgj0.html
1850,é™•è¥¿ä¿¡æ¯ç½‘,é™ˆå¿—è¯š,çœéƒ¨çº§,http://www.sx.0391xxw.cn/html/b6j6j68.html
1888,é™•è¥¿åœ¨çº¿,é™ˆå¿—è¯š,çœéƒ¨çº§,http://ccjinri.cn/fc894/e9475643585.html
1863,é™•è¥¿ç½‘,é™ˆå¿—è¯š,çœéƒ¨çº§,http://www.sx.hebgdhht.com/article/bo45omr.html
1862,é™•è¥¿çƒ­çº¿,é™ˆå¿—è¯š,çœéƒ¨çº§,http://www.sx.hcpit.org/news/y5kz56b.html
ml
1862,é™•è¥¿çƒ­çº¿,é™ˆå¿—è¯š,çœéƒ¨çº§,http://www.sx.hcpit.org/news/y5kz56b.html
3550.html
1877,é™•è¥¿çƒ­çº¿,é™ˆå¿—è¯š,çœéƒ¨çº§,http://www.sx.hcpit.org/news/vpnrpoz.html
1879,é™•è¥¿æ–‡åŒ–ç½‘,é™ˆå¿—è¯š,çœéƒ¨çº§,http://www.sx.tv56.com.cn/p/b6j6vmy.html
1878,é™•è¥¿ç½‘,é™ˆå¿—è¯š,çœéƒ¨çº§,http://www.sx.hebgdhht.com/article/bo45opr.html
1880,é™•è¥¿ä¿¡æ¯ç½‘,é™ˆå¿—è¯š,çœéƒ¨çº§,http://www.sx.0391xxw.cn/html/ymnm462.html
1918,é™•è¥¿åœ¨çº¿,é™ˆå¿—è¯š,çœéƒ¨çº§,http://ccjinri.cn/fc894/e9475638030.html
1892,é™•è¥¿çƒ­çº¿,é™ˆå¿—è¯š,çœéƒ¨çº§,http://www.sx.hcpit.org/news/vpnrp2j.html
1893,é™•è¥¿ç½‘,é™ˆå¿—è¯š,çœéƒ¨çº§,http://www.sx.hebgdhht.com/article/qw3zwvz.html
1894,é™•è¥¿æ–‡åŒ–ç½‘,é™ˆå¿—è¯š,çœéƒ¨çº§,http://www.sx.tv56.com.cn/p/52y2mzv.html
1895,é™•è¥¿ä¿¡æ¯ç½‘,é™ˆå¿—è¯š,çœéƒ¨çº§,http://www.sx.0391xxw.cn/html/mzqzbr5.html
1933,é™•è¥¿åœ¨çº¿,é™ˆå¿—è¯š,çœéƒ¨çº§,http://ccjinri.cn/fc894/e9475636010.html
1907,é™•è¥¿çƒ­çº¿,é™ˆå¿—è¯š,çœéƒ¨çº§,http://www.sx.hcpit.org/news/r90doyr.html
1908,é™•è¥¿ç½‘,é™ˆå¿—è¯š,çœéƒ¨çº§,http://www.sx.hebgdhht.com/article/33p8gnr.html
1909,é™•è¥¿æ–‡åŒ–ç½‘,é™ˆå¿—è¯š,çœéƒ¨çº§,http://www.sx.tv56.com.cn/p/n2y2kbm.html
1910,é™•è¥¿ä¿¡æ¯ç½‘,é™ˆå¿—è¯š,çœéƒ¨çº§,http://www.sx.0391xxw.cn/html/22j2bdq.html
1948,é™•è¥¿åœ¨çº¿,é™ˆå¿—è¯š,çœéƒ¨çº§,http://ccjinri.cn/fc894/e9475635485.html
1922,é™•è¥¿çƒ­çº¿,é™ˆå¿—è¯š,çœéƒ¨çº§,http://www.sx.hcpit.org/news/qw3zjbm.html
1923,é™•è¥¿ç½‘,é™ˆå¿—è¯š,çœéƒ¨çº§,http://www.sx.hebgdhht.com/article/605jogk.html
1924,é™•è¥¿æ–‡åŒ–ç½‘,é™ˆå¿—è¯š,çœéƒ¨çº§,http://www.sx.tv56.com.cn/p/8gjgko0.html
1963,é™•è¥¿åœ¨çº¿,é™ˆå¿—è¯š,çœéƒ¨çº§,http://ccjinri.cn/fc894/e9475635465.html
1925,é™•è¥¿ä¿¡æ¯ç½‘,é™ˆå¿—è¯š,çœéƒ¨çº§,http://www.sx.0391xxw.cn/html/zdnd54o.html
1937,é™•è¥¿çƒ­çº¿,é™ˆå¿—è¯š,çœéƒ¨çº§,http://www.sx.hcpit.org/news/82d5mkz.html
1938,é™•è¥¿ç½‘,é™ˆå¿—è¯š,çœéƒ¨çº§,http://www.sx.hebgdhht.com/article/zm0gk5y.html
1939,é™•è¥¿æ–‡åŒ–ç½‘,é™ˆå¿—è¯š,çœéƒ¨çº§,http://www.sx.tv56.com.cn/p/8gjgknr.html
1940,é™•è¥¿ä¿¡æ¯ç½‘,é™ˆå¿—è¯š,çœéƒ¨çº§,http://www.sx.0391xxw.cn/html/zdnd5rq.html
1978,é™•è¥¿åœ¨çº¿,é™ˆå¿—è¯š,çœéƒ¨çº§,http://ccjinri.cn/fc894/e9475635445.html
1952,é™•è¥¿çƒ­çº¿,é™ˆå¿—è¯š,çœéƒ¨çº§,http://www.sx.hcpit.org/news/g9p4nby.html
1953,é™•è¥¿ç½‘,é™ˆå¿—è¯š,çœéƒ¨çº§,http://www.sx.hebgdhht.com/article/pdr5p8v.html
1954,é™•è¥¿æ–‡åŒ–ç½‘,é™ˆå¿—è¯š,çœéƒ¨çº§,http://www.sx.tv56.com.cn/p/g232b6d.html
1955,é™•è¥¿ä¿¡æ¯ç½‘,é™ˆå¿—è¯š,çœéƒ¨çº§,http://www.sx.0391xxw.cn/html/p2n28k9.html
1993,é™•è¥¿åœ¨çº¿,é™ˆå¿—è¯š,çœéƒ¨çº§,http://ccjinri.cn/fc894/e9475635425.html
1967,é™•è¥¿çƒ­çº¿,é™ˆå¿—è¯š,çœéƒ¨çº§,http://www.sx.hcpit.org/news/53opj4o.html
1968,é™•è¥¿ç½‘,é™ˆå¿—è¯š,çœéƒ¨çº§,http://www.sx.hebgdhht.com/article/om4ogkg.html
1969,é™•è¥¿æ–‡åŒ–ç½‘,é™ˆå¿—è¯š,çœéƒ¨çº§,http://www.sx.tv56.com.cn/p/n2y2kvy.html
1970,é™•è¥¿ä¿¡æ¯ç½‘,é™ˆå¿—è¯š,çœéƒ¨çº§,http://www.sx.0391xxw.cn/html/22j2bp3.html
2003,é»„åŸ”èåª’,ä¸ä¿Šå³°,åœ°å¸‚çº§,
2007,æˆ‘çŸ¥ç½‘,ä¸é«˜æ´,åœ°å¸‚çº§,
1982,é™•è¥¿çƒ­çº¿,é™ˆå¿—è¯š,çœéƒ¨çº§,http://www.sx.hcpit.org/news/dm3dn62.html
1983,é™•è¥¿ç½‘,é™ˆå¿—è¯š,çœéƒ¨çº§,http://www.sx.hebgdhht.com/article/mowpnyp.html
1984,é™•è¥¿æ–‡åŒ–ç½‘,é™ˆå¿—è¯š,çœéƒ¨çº§,http://www.sx.tv56.com.cn/p/8gjgkz9.html
1985,é™•è¥¿ä¿¡æ¯ç½‘,é™ˆå¿—è¯š,çœéƒ¨çº§,http://www.sx.0391xxw.cn/html/zdnd5o4.html
2016,å¹¿å·å—æ²™ç»æµæŠ€æœ¯å¼€å‘åŒºæŠ•èµ„ä¿ƒè¿›å±€,å½­æµ©ç„¶,åœ°å¸‚çº§,https://www.gzns.gov.cn/gznsjkqtzcjj/gkmlpt/content/9/9757/post_9757445.html#16249
2029,æ¥çŸ¥è¯†åŸå‘€,ä¸ä¿Šå³°,åœ°å¸‚çº§,
2039,èŠ±åŸè§†è§‰,æè¶…ç¾,åœ°å¸‚çº§,
1997,é™•è¥¿çƒ­çº¿,é™ˆå¿—è¯š,çœéƒ¨çº§,http://www.sx.hcpit.org/news/605jom6.html
1998,é™•è¥¿ç½‘,é™ˆå¿—è¯š,çœéƒ¨çº§,http://www.sx.hebgdhht.com/article/33p8gj0.html
1999,é™•è¥¿æ–‡åŒ–ç½‘,é™ˆå¿—è¯š,çœéƒ¨çº§,http://www.sx.tv56.com.cn/p/22j2b8p.html
2000,é™•è¥¿ä¿¡æ¯ç½‘,é™ˆå¿—è¯š,çœéƒ¨çº§,http://www.sx.0391xxw.cn/html/k2326nk.html
2106,å¦é—¨å¹¿ç”µ,ç‹äºšå¤,åœ°å¸‚çº§,file:///D:/360MoveData/Users/é£æ¸…æ‰¬/Documents/WeChat Files/wxid_a5gxaxx192tk22/FileStorage/Temp/0124e33851656efff0268241dad1232.png
2392,å¹¿ä¸œå¤´æ¡ç½‘,å”è‰¯æ¡¥,çœéƒ¨çº§,http://gdtt.csxxb.cn/dce37/b0e33025864.html
2393,å¹¿ä¸œéƒ½å¸‚,å”è‰¯æ¡¥,çœéƒ¨çº§,http://lzdushi.cn/604/OTkwNzc1OTg=.html
2394,å¹¿ä¸œæ–°é—»ç½‘,å”è‰¯æ¡¥,çœéƒ¨çº§,http://csxxb.cn/e9c/MTQ4NjE2NDA2.html
2399,å¹¿ä¸œä¹‹å£°,å”è‰¯æ¡¥,çœéƒ¨çº§,http://fzxinxi.cn/b9b/MTY1MTI5NDA=.html
2403,å¹¿ä¸œä¹‹çª—,å”è‰¯æ¡¥,çœéƒ¨çº§,http://gyjinri.cn/0409c/0c833025890.html
2412,è…¾è®¯ç½‘,æ–‡æ‰¿èª,çœéƒ¨çº§,https://new.qq.com/rain/a/20241009A0552N00
2413,è…¾è®¯ç½‘,æ–‡æ‰¿èª,çœéƒ¨çº§,https://new.qq.com/rain/a/20241004A02F1T00
2417,è…¾è®¯ç½‘,æ–‡æ‰¿èª,çœéƒ¨çº§,https://new.qq.com/rain/a/20241007A018FK00
2423,ç½‘æ˜“ç½‘,æ–‡æ‰¿èª,çœéƒ¨çº§,https://www.163.com/dy/article/JDSQGKSM0514R9NP.html
2425,ç¦å»ºçœäººæ°‘æ”¿åºœ,æ–‡æ‰¿èª,çœéƒ¨çº§,https://www.fj.gov.cn/zwgk/ztzl/gjcjgxgg/dt/202410/t20241007_6538814.htm
2429,è…¾è®¯ç½‘,æ–‡æ‰¿èª,çœéƒ¨çº§,https://news.qq.com/rain/a/20241015A02E4400
2424,äº‘å—ç½‘,æ–‡æ‰¿èª,çœéƒ¨çº§,https://society.yunnan.cn/system/2024/10/07/033256472.shtml
2448,ä½å®…æ³•åŠ¡ç½‘,ä¸ä¿Šå³°,åœ°å¸‚çº§,http://zhuz.fwfw.org.cn/show-59847.html
2460,è…¾è®¯ç½‘,æ¨æ™“æ™–,åœ°å¸‚çº§,https://news.qq.com/rain/a/20240904A06E7500
2472,çŸ¥è¯†åŸæˆ‘çŸ¥æ™’,ä¸ä¿Šå³°,åœ°å¸‚çº§,
2486,å¹¿å·æ—¥æŠ¥,æ¨æ™“æ™–,åœ°å¸‚çº§,https://news.qq.com/rain/a/20241011A04MRW00
2489,çŸ¥è¯†åŸæˆ‘çŸ¥æ™’,ä¸ä¿Šå³°,åœ°å¸‚çº§,
2496,çŸ¥è¯†åŸing,ä¸ä¿Šå³°,åœ°å¸‚çº§,
2560,æ·±åœ³çƒ­çº¿,å”è‰¯æ¡¥,åœ°å¸‚çº§,http://cnszrx.cn/ffc/MTQ4NjE2Mzcw.html
2561,æ·±åœ³ä¹‹çª—,å”è‰¯æ¡¥,åœ°å¸‚çº§,http://win.cnszrx.cn/06951/11ab132103496.html
2562,æ·±åœ³éƒ½å¸‚ç½‘,å”è‰¯æ¡¥,åœ°å¸‚çº§,http://szdushi.top/c1c/0a549538832.html
2563,é­…åŠ›æ·±åœ³ç½‘,å”è‰¯æ¡¥,åœ°å¸‚çº§,http://news.gzxxrb.cn/490a/147f16512952.html
2564,æ·±åœ³æŠ¥é“ç½‘,å”è‰¯æ¡¥,åœ°å¸‚çº§,http://info.guangzhoujr.cn/6c0/MTQ4NjE2NTc3.html
2565,æ·±åœ³è§‚å¯Ÿç½‘,å”è‰¯æ¡¥,åœ°å¸‚çº§,http://info.mdjrx.cn/11a9d/9571132103632.html
2566,æ·±åœ³é—¨æˆ·ç½‘,å”è‰¯æ¡¥,åœ°å¸‚çº§,http://info.zgcsv.cn/9beca/96082564775.html
2569,é²ç½‘è´¢ç»é¢‘é“,å”è‰¯æ¡¥,åœ°å¸‚çº§,https://f.sdnews.com.cn/syxx/202409/t20240929_4439708.htm
2592,AIä¸‡å…¨harbor,ä¸ä¿Šå³°,è¡Œä¸š,
2138,è§‚ç‚¹æœºæ„,å½­æµ©ç„¶,è¡Œä¸š,https://www.163.com/dy/article/J6RHCDLD0519D45U.html
2140,å’Œè®¯æˆ¿äº§,å»–æ–‡æ–Œ,è¡Œä¸š,https://house.hexun.com/2024-07-11/213530619.html
2162,èµ„æ·±å“ç‰Œäººæäº®,ä¸ä¿Šå³°ã€ä»»æµ©éœ–,è¡Œä¸š,
2184,äººæ°‘æ—¥æŠ¥,åˆ˜å† æ—,ä¸­å¤®çº§,https://www.peopleapp.com/rmharticle/30046672292
2242,ä¸­å›½ä¿¡æ¯æŠ¥é“ç½‘,åˆ˜èŠ³,ä¸­å¤®çº§,http://xinxibd.tsxxg.cn/62961/aa581358240.html
2233,ä¸­å›½æ–°é—»åœ¨çº¿,æœ±è¹ã€é‚“è®·,ä¸­å¤®çº§,http://www.xwbwin.com/a/guona/20241008/93484.html
2240,ä¸­å›½åŸå¸‚æ–°é—»ç½‘,åˆ˜èŠ³,ä¸­å¤®çº§,http://cncity.hainanhk.cn/a351/1b2016271646.html
2252,ä¸­å›½å¸‚åœºè°ƒæŸ¥ç½‘,é»„å©µè,ä¸­å¤®çº§,http://www.cmrn.cmsapis.com/view/article.aspx?noce_str=86e9f5c3-d93b-45f2-9edb-3e18b113453c&article_filepath=%2fcms%2f2024%2f08%2f05%2faeb0437c5d.shtml
2256,ä¸­å›½åŸå¸‚æ–°é—»ç½‘,åˆ˜èŠ³,ä¸­å¤®çº§,http://cncity.hainanhk.cn/a351/1b2016624102.html
2251,ä¸­å›½ä¼ä¸šç½‘,é»„å©µè,ä¸­å¤®çº§,https://www.zqcn.com.cn/886/68084.html
2258,ä¸­å›½ä¿¡æ¯æŠ¥é“ç½‘,åˆ˜èŠ³,ä¸­å¤®çº§,http://xinxibd.tsxxg.cn/62961/aa583120525.html
2264,ä¸­å›½ä¼ä¸šç½‘,å»–ç»§çº¢,ä¸­å¤®çº§,https://www.zqcn.com.cn/135/73490.html
2266,ä¸­å›½åŸå¸‚æ–°é—»ç½‘,å»–ç»§çº¢,ä¸­å¤®çº§,http://cncity.hainanhk.cn/a351/1b2016656780.html
2290,ç½‘æ˜“å·,æ¨æ™“æ™–,çœéƒ¨çº§,https://www.163.com/dy/article/JBLKDUG00514H8NQ.html
2289,è…¾è®¯ç½‘,æ¨æ™“æ™–,çœéƒ¨çº§,https://new.qq.com/rain/a/20240909A06CQI00
2247,ä¸­åå»ºè®¾ç½‘,é»„å©µè,ä¸­å¤®çº§,https://www.zhjsw.cn/news/show-52601.html
2263,ä¸­åå»ºè®¾ç½‘,å»–ç»§çº¢,ä¸­å¤®çº§,https://www.zhjsw.cn/news/show-54099.html
2269,ä¸­åå»ºè®¾ç½‘,å¾ç«‹å†›,ä¸­å¤®çº§,https://www.zhjsw.cn/news/show-54097.html
2305,ç½‘æ˜“å·,ä¸ä¿Šå³°,çœéƒ¨çº§,https://m.163.com/dy/article/JCMOEUAV0550AXYG.html
2307,è…¾è®¯ç½‘,ä¸ä¿Šå³°,çœéƒ¨çº§,https://new.qq.com/rain/a/20240922A03F8300
2313,é²ç½‘,åˆ˜å† æ—,çœéƒ¨çº§,https://f.sdnews.com.cn/syxx/202409/t20240923_4436418.htm
2318,å¹¿ä¸œå»ºè®¾å‘å¸ƒ,ä¸ä¿Šå³°,çœéƒ¨çº§,
2323,è…¾è®¯ç½‘,æ¨æ™“æ™–,çœéƒ¨çº§,https://new.qq.com/rain/a/20241003A03GMT00
2280,ä¸­åå»ºè®¾ç½‘,å”è‰¯æ¡¥,ä¸­å¤®çº§,https://www.zhjsw.cn/jianshezhishu/show.php?itemid=2066
2328,è…¾è®¯ç½‘,æ¨æ™“æ™–,çœéƒ¨çº§,https://new.qq.com/rain/a/20241013A06AYK00
2330,ç½‘æ˜“å·,æ¨æ™“æ™–,çœéƒ¨çº§,https://www.163.com/dy/article/JEFSTEPG055671ED.html
2334,å¹¿ä¸œå¤´æ¡ç½‘,åˆ˜æ¥šé€¸,çœéƒ¨çº§,http://gdtt.csxxb.cn/dce37/b0e32389612.html
2335,å¹¿ä¸œèµ„è®¯ç½‘,åˆ˜æ¥šé€¸,çœéƒ¨çº§,http://syjinri.cn/529/MTQ1NzUzMjYz.html
2336,å¹¿ä¸œéƒ½å¸‚ç½‘,åˆ˜æ¥šé€¸,çœéƒ¨çº§,http://lzdushi.cn/604/OTcxNjg4NDg=.html
2337,å¹¿ä¸œæ–°é—»ç½‘,åˆ˜æ¥šé€¸,çœéƒ¨çº§,http://csxxb.cn/e9c/MTQ1NzUzMjgx.html
2342,å¹¿ä¸œèµ„è®¯ç½‘,å•æ˜Šä¸´,çœéƒ¨çº§,http://syjinri.cn/529/MTQ4NjEyMjM5.html
2329,è…¾è®¯ç½‘,æ¨æ™“æ™–,çœéƒ¨çº§,https://new.qq.com/rain/a/20241014A06URL00
2341,å¹¿ä¸œå¤´æ¡ç½‘,å•æ˜Šä¸´,çœéƒ¨çº§,http://gdtt.csxxb.cn/dce37/b0e33024940.html
2343,å¹¿ä¸œéƒ½å¸‚ç½‘,å•æ˜Šä¸´,çœéƒ¨çº§,http://lzdushi.cn/604/OTkwNzQ4MzI=.html
2362,å¹¿ä¸œå¤´æ¡ç½‘,å¾ç«‹å†›,çœéƒ¨çº§,http://gdtt.csxxb.cn/dce37/b0e32437272.html
2363,å¹¿ä¸œèµ„è®¯ç½‘,å¾ç«‹å†›,çœéƒ¨çº§,http://syjinri.cn/529/MTQ1OTY3NzMz.html
2364,å¹¿ä¸œæ–°é—»ç½‘,å¾ç«‹å†›,çœéƒ¨çº§,http://csxxb.cn/e9c/MTQ1OTY3NzQy.html
2370,å¹¿ä¸œå¤´æ¡ç½‘,é»„å©µè,çœéƒ¨çº§,http://gdtt.csxxb.cn/dce37/b0e30530808.html
2371,å¹¿ä¸œèµ„è®¯ç½‘,é»„å©µè,çœéƒ¨çº§,http://syjinri.cn/529/MTM3Mzg4NjQ1.html
2372,å¹¿ä¸œæ–°é—»ç½‘,é»„å©µè,çœéƒ¨çº§,http://csxxb.cn/e9c/MTM3Mzg4NjU0.html
2375,å¹¿ä¸œä¹‹å£°,é»„å©µè,çœéƒ¨çº§,http://fzxinxi.cn/b9b/MTUyNjU0MDk=.html
2382,å¹¿ä¸œå¤´æ¡ç½‘,å¾ç«‹å†›,çœéƒ¨çº§,http://gdtt.csxxb.cn/dce37/b0e33248212.html
2383,å¹¿ä¸œæ–°é—»ç½‘,å¾ç«‹å†›,çœéƒ¨çº§,http://csxxb.cn/e9c/MTQ5NjE2OTYz.html
2384,å¹¿ä¸œä¹‹å£°,å¾ç«‹å†›,çœéƒ¨çº§,http://fzxinxi.cn/b9b/MTY2MjQxMDg=.html
2610,å¹¿å·æ°‘è¥ç§‘æŠ€å›­,ææ°,è¡Œä¸š,
2613,æ¹¾åŒºè´¢å¯Œé€š,ä¸ä¿Šå³°,è¡Œä¸š,
2221,ä¸­å›½è§‚å¯Ÿ,é¥¶æœå²›,ä¸­å¤®çº§,http://www.zgguancha.cn/guonei/6290.html
2640,å­¦ä¹ å¼ºå›½,ä¸é«˜æ´,ä¸­å¤®çº§,ç™¾çµÂ·ç‚«|å¹¿å·ä¸¾åŠç²¤æ¸¯æ¾³å¤§æ¹¾åŒºå»ºè®¾åŠ³åŠ¨å’ŒæŠ€èƒ½ç«èµ›æ¨è¿›ä¼š (xuexi.cn)
2637,å—æ–¹å·¥æŠ¥,ä¸ä¿Šå³°,ä¸­å¤®çº§,http://wap.nfgb.com.cn/html5/2024-08/07/node_1.htm?v=1&curr=1
2642,å…‰æ˜æ—¥æŠ¥,è¦ƒæ˜¥æ™–,ä¸­å¤®çº§,"
https://app.gmdaily.cn/as/opened/n/e64400096fb94537b74339e1a19fd3f5"
2638,å—æ–¹å·¥æŠ¥,ä¸ä¿Šå³°,ä¸­å¤®çº§,https://wap.nfgb.com.cn/html5/2024-08/07/node_1.htm?v=1
2633,äººæ°‘æ—¥æŠ¥,ä¸ä¿Šå³°,ä¸­å¤®çº§,https://www.peopleapp.com/column/30046145432-500005649109
2665,ä¸­å›½æ–°é—»åœ¨çº¿,é‚“è®·,ä¸­å¤®çº§,http://www.xwbwin.com/a/guona/20240909/93221.html
2662,ä¸­å›½æ–‡ä¿ƒç½‘,é‚“è®·,ä¸­å¤®çº§,http://www.eco-gecpa.net/news/2024/0909/2167.html
2669,ä¸­å›½ç»æµæŠ¥é“,é‚“è®·,ä¸­å¤®çº§,http://eco.usidaily.com/xinwen/3609.html
2670,ä¸­å›½è§‚å¯Ÿ,é‚“è®·,ä¸­å¤®çº§,http://www.zgguancha.cn/shehui/6193.html
2668,ä¸­å›½å“ç‰Œæ–°é—»ç½‘,é‚“è®·,ä¸­å¤®çº§,http://www.ppxw.net/kuaixun/20240909/4701.html
2646,äººæ°‘æ—¥æŠ¥,åˆ˜å† æ—,ä¸­å¤®çº§,https://www.peopleapp.com/rmharticle/30046672292
2691,ä¸­å›½ç»æµæ™ºåº“,é‚“è®·,ä¸­å¤®çº§,https://zixun.jingjizk.net/350941.html
2703,å¹¿ä¸œçœæ€»å·¥ä¼š,ä¸ä¿Šå³°,çœéƒ¨çº§,
2706,ç²¤å·¥ä¼š,ä¸ä¿Šå³°,çœéƒ¨çº§,
2718,ç½‘æ˜“å·,ä¸ä¿Šå³°,çœéƒ¨çº§,https://m.163.com/dy/article/JCMOEUAV0550AXYG.html
2689,ä¸­å›½ç»æµæŠ¥é“,é‚“è®·,ä¸­å¤®çº§,http://eco.usidaily.com/xinwen/3619.html
2720,è…¾è®¯ç½‘,ä¸ä¿Šå³°,çœéƒ¨çº§,https://new.qq.com/rain/a/20240922A03F8300
2736,è…¾è®¯æ–°é—»,è¦ƒæ˜¥æ™–,çœéƒ¨çº§,https://new.qq.com/rain/a/20240804A07CCN00?suid=&media_id=
2742,ç½‘æ˜“,åˆ˜æ¥šé€¸,çœéƒ¨çº§,https://www.163.com/dy/article/JC2I09EP05563IC5.html
2745,å¹¿ä¸œå¤´æ¡ç½‘,åˆ˜æ¥šé€¸,çœéƒ¨çº§,http://gdtt.csxxb.cn/dce37/b0e32389612.html
2746,å¹¿ä¸œèµ„è®¯ç½‘,åˆ˜æ¥šé€¸,çœéƒ¨çº§,http://syjinri.cn/529/MTQ1NzUzMjYz.html
2747,å¹¿ä¸œéƒ½å¸‚ç½‘,åˆ˜æ¥šé€¸,çœéƒ¨çº§,http://lzdushi.cn/604/OTcxNjg4NDg=.html
2743,ç½‘æ˜“,åˆ˜æ¥šé€¸,çœéƒ¨çº§,https://www.163.com/dy/article/JC2A3HHP0553KK27.html
2748,å¹¿ä¸œæ–°é—»ç½‘,åˆ˜æ¥šé€¸,çœéƒ¨çº§,http://csxxb.cn/e9c/MTQ1NzUzMjgx.html
2752,æµ·å—æ–°é—»ç½‘,é‚“è®·,çœéƒ¨çº§,http://binhaics.cn/450/OTY1NzcxNTI=.html
2764,å¹¿ä¸œèµ„è®¯ç½‘,å¾æ™“ä¸œ,çœéƒ¨çº§,http://syjinri.cn/529/MTQwODgwODM0.html
2765,å¹¿ä¸œæ–°é—»ç½‘,å¾æ™“ä¸œ,çœéƒ¨çº§,http://csxxb.cn/e9c/MTQwODgwODQz.html
2770,å¹¿ä¸œå¤´æ¡ç½‘,å•æ˜Šä¸´,çœéƒ¨çº§,http://gdtt.csxxb.cn/dce37/b0e30413610.html
2771,å¹¿ä¸œèµ„è®¯ç½‘,å•æ˜Šä¸´,çœéƒ¨çº§,http://syjinri.cn/529/MTM2ODYxMjU0.html
2772,å¹¿ä¸œæ–°é—»ç½‘,å•æ˜Šä¸´,çœéƒ¨çº§,http://csxxb.cn/e9c/MTM2ODYxMjYz.html
2773,ç½‘æ˜“æ–°é—»,å»–ç»§çº¢,çœéƒ¨çº§,https://www.163.com/dy/article/JAQ1L5220534JJCG.html
2781,å¹¿ä¸œèµ„è®¯ç½‘,å»–ç»§çº¢,çœéƒ¨çº§,http://syjinri.cn/529/MTQzNjczODEz.html
2780,å¹¿ä¸œå¤´æ¡ç½‘,å»–ç»§çº¢,çœéƒ¨çº§,http://gdtt.csxxb.cn/dce37/b0e31927512.html
2784,å¹¿ä¸œéƒ½å¸‚,å»–ç»§çº¢,çœéƒ¨çº§,http://lzdushi.cn/604/OTU3ODI1NTQ=.html
2783,å¹¿ä¸œæ–°é—»ç½‘,å»–ç»§çº¢,çœéƒ¨çº§,http://csxxb.cn/e9c/MTQzNjczODQw.html
2811,æ–°å¿«ç½‘,è¦ƒæ˜¥æ™–,åœ°å¸‚çº§,"
https://www.xkb.com.cn/articleDetail/322915"
2850,æ¢…å·æ—¥æŠ¥,å»–ç»§çº¢,åœ°å¸‚çº§,https://mzrb.meizhou.cn/html/2024-09/01/content_364225.htm
2877,æˆ‘çŸ¥ç½‘,ä¸ä¿Šå³°,è¡Œä¸š,
2878,æˆ‘çŸ¥ç½‘,å½­æµ©ç„¶,è¡Œä¸š,
2879,æˆ‘çŸ¥ç½‘,ä¸é«˜æ´,è¡Œä¸š,
2887,ä½å®…æ³•åŠ¡ç½‘,ä¸ä¿Šå³°,è¡Œä¸š,http://zhuz.fwfw.org.cn/show-59847.html
2690,ä¸­å›½è§‚å¯Ÿ,é‚“è®·,ä¸­å¤®çº§,http://www.zgguancha.cn/guonei/6213.html
2924,å…¨å›½åŸºå±‚å…šå»ºç½‘,ä¸é«˜æ´,ä¸­å¤®çº§,https://www.zgdj71.org.cn/zhonghebaodao/17136.html
2930,ä¸­å·¥ç½‘,æ²ˆèŠ³éœ,ä¸­å¤®çº§,https://www.workercn.cn/c/2024-06-27/8292177.shtml
2975,ä¸­å›½ä¿¡æ¯æŠ¥é“ç½‘,ç‹äºšå¤,ä¸­å¤®çº§,http://xinxibd.tsxxg.cn/62961/aa573887395.html
2943,äººæ°‘æ—¥æŠ¥,å»–æ–‡æ–Œ,ä¸­å¤®çº§,https://www.peopleapp.com/column/30045797831-500005575083
2980,ä¸­å›½åŸå¸‚æ–°é—»ç½‘,ç‹äºšå¤,ä¸­å¤®çº§,http://cncity.hainanhk.cn/a351/1b2014145726.html
2987,ä¸­å›½ç½‘,ç‹äºšå¤,ä¸­å¤®çº§,http://life.china.com.cn/gonggao/zixun/detail2_2024_06/20/4427831.html
3003,ç½‘æ˜“,å¼ æ³½,çœéƒ¨çº§,https://www.163.com/dy/article/J505E7GF0515U01J.html
3001,ç¯çƒæ—…è®¯,æ–‡æ‰¿èª,ä¸­å¤®çº§,https://www.traveldaily.cn/express/182743
3021,å—æ–¹å·¥æŠ¥,æ²ˆèŠ³éœ,çœéƒ¨çº§,http://wap.nfgb.com.cn/html5/2024-06/27/content_14_26505.htm?curr=
3026,ç½‘æ˜“,å¼ æ³½,çœéƒ¨çº§,https://www.163.com/dy/article/J5MHAV3D0550AXYG.html
3028,ç½‘æ˜“,å¼ æ³½,çœéƒ¨çº§,https://www.163.com/dy/article/J5MB91D60514A1CA.html
3024,å¹¿ä¸œçœäººæ°‘æ”¿åºœ,å¼ æ³½,çœéƒ¨çº§,http://www.gd.gov.cn/gdywdt/zwzt/ygadwq/rlt/content/post_4446187.html
3041,ç½‘æ˜“,å¼ æ³½,çœéƒ¨çº§,https://www.163.com/dy/article/J5MJ0PLA0514G11E.html
3042,è…¾è®¯ç½‘,å¼ æ³½,çœéƒ¨çº§,https://new.qq.com/rain/a/20240627A03NLS00
3040,ç½‘æ˜“,å¼ æ³½,çœéƒ¨çº§,https://www.163.com/dy/article/J5MU4R680519D45U.html
3049,ç½‘æ˜“ç½‘,å¼ æ³½,çœéƒ¨çº§,https://www.163.com/dy/article/J5NO5S3M05129QAF.html
3058,ç½‘æ˜“,å¼ æ³½,çœéƒ¨çº§,https://www.163.com/dy/article/J5PPE7BG0519C7QE.html
3066,ç½‘æ˜“,å¼ æ³½,çœéƒ¨çº§,https://www.163.com/dy/article/J5U572UB0514R9NP.html
3085,ç½‘æ˜“ç½‘,ä¸ä¿Šå³°,çœéƒ¨çº§,https://www.163.com/dy/article/J6823CQM0530X1OV.html
3086,ç½‘æ˜“ç½‘,ä¸ä¿Šå³°,çœéƒ¨çº§,https://www.163.com/dy/article/J67E91CI0519D45U.html
3088,ç½‘æ˜“ç½‘,ä¸ä¿Šå³°,çœéƒ¨çº§,https://www.163.com/dy/article/J68T7VJ40514R9KQ.html
3092,è…¾è®¯ç½‘,ä¸ä¿Šå³°,çœéƒ¨çº§,https://new.qq.com/rain/a/20240704A04YXX00
3090,è…¾è®¯ç½‘,ä¸ä¿Šå³°,çœéƒ¨çº§,https://new.qq.com/rain/a/20240704A02ETG00
3095,ç½‘æ˜“,ä¸ä¿Šå³°,çœéƒ¨çº§,https://www.163.com/dy/article/J69C0C6S0530X1OV.html
3091,é½é²ç½‘,ä¸ä¿Šå³°,çœéƒ¨çº§,http://news.iqilu.com/china/gedi/2024/0704/5679531.shtml
3102,ç½‘æ˜“,å»–æ–‡æ–Œ,çœéƒ¨çº§,https://www.163.com/dy/article/J6OMAS6P05129QAF.html
3106,ç½‘æ˜“,å»–æ–‡æ–Œ,çœéƒ¨çº§,https://www.163.com/dy/article/J6P6DDAM0550AXYG.html
3193,å¹¿ä¸œå¤´æ¡ç½‘,ç¨‹ç»´æ ¼,çœéƒ¨çº§,http://gdtt.csxxb.cn/dce37/b0e28971214.html
3113,ç½‘æ˜“,å»–æ–‡æ–Œ,çœéƒ¨çº§,https://www.163.com/dy/article/J6RCGGS50519D45U.html
2994,ä¸­åå»ºè®¾ç½‘,èµµç¥ç€,ä¸­å¤®çº§,https://www.zhjsw.cn/news/show-51375.html
3116,è…¾è®¯ç½‘,å»–æ–‡æ–Œ,çœéƒ¨çº§,https://new.qq.com/rain/a/20240710A0A0Q600
3119,è…¾è®¯,å»–æ–‡æ–Œ,çœéƒ¨çº§,https://new.qq.com/rain/a/20240711A08JW700
3126,è…¾è®¯ç½‘,å»–æ–‡æ–Œ,çœéƒ¨çº§,https://new.qq.com/rain/a/20240711A04OTA00
3140,æµ·å—æ–°é—»ç½‘,é‚“è®·,çœéƒ¨çº§,http://binhaics.cn/450/ODU2MTM1OTI=.html
3144,æµ·å—æµ·å£ç½‘,é‚“è®·,çœéƒ¨çº§,http://hainanhk.cn/9da02/39f71344680.html
3148,æµ·å—éƒ½å¸‚æ—¥æŠ¥,é‚“è®·,çœéƒ¨çº§,http://hndsrb.cn/5f3/ODU2MTM2NDA=.html
3156,äº‘å—ç½‘,é‚“è®·,çœéƒ¨çº§,http://society.yunnan.cn/system/2024/06/21/033110477.shtml
3158,äº‘å—ç½‘,é‚“è®·,çœéƒ¨çº§,https://m.yunnan.cn/system/2024/06/26/033118032.shtml
3168,å—æ–¹å·¥æŠ¥,ç™½å å®,çœéƒ¨çº§,http://wap.nfgb.com.cn/html5/2024-06/21/content_15_26352.htm
3169,å—æ–¹å·¥æŠ¥çº¸åª’,ç™½å å®,çœéƒ¨çº§,http://wap.nfgb.com.cn/html5/2024-06/21/node_15.htm?curr=0
3170,å—æ–¹å·¥æŠ¥,ç™½å å®,çœéƒ¨çº§,http://wap.nfgb.com.cn/html5/2024-06/25/content_12_26446.htm
3171,å—æ–¹å·¥æŠ¥çº¸åª’,ç™½å å®,çœéƒ¨çº§,http://wap.nfgb.com.cn/html5/2024-06/25/node_12.htm
3179,ç½‘æ˜“æ–°é—»,ç™½å å®,çœéƒ¨çº§,https://www.163.com/dy/article/J5F4FH440552JQ8A.html
3182,å¹¿ä¸œèµ„è®¯ç½‘,å•æ˜Šä¸´,çœéƒ¨çº§,http://syjinri.cn/529/MTI4MzY1NTg3.html
3183,å¹¿ä¸œæ–°é—»ç½‘,å•æ˜Šä¸´,çœéƒ¨çº§,http://csxxb.cn/e9c/MTI4MzY1NTk2.html
3194,å¹¿ä¸œèµ„è®¯ç½‘,ç¨‹ç»´æ ¼,çœéƒ¨çº§,http://syjinri.cn/529/MTMwMzcwNDcy.html
3196,å¹¿ä¸œéƒ½å¸‚,ç¨‹ç»´æ ¼,çœéƒ¨çº§,http://lzdushi.cn/604/ODY5MTM2NjA=.html
3197,å¹¿ä¸œæ–°é—»ç½‘,ç¨‹ç»´æ ¼,çœéƒ¨çº§,http://csxxb.cn/e9c/MTMwMzcwNDk5.html
3203,å¹¿ä¸œå¤´æ¡ç½‘,å¾æ™“ä¸œ,çœéƒ¨çº§,http://gdtt.csxxb.cn/dce37/b0e29019074.html
3204,å¹¿ä¸œèµ„è®¯ç½‘,å¾æ™“ä¸œ,çœéƒ¨çº§,http://syjinri.cn/529/MTMwNTg1ODQy.html
3206,å¹¿ä¸œéƒ½å¸‚,å¾æ™“ä¸œ,çœéƒ¨çº§,http://lzdushi.cn/604/ODcwNTcyNDA=.html
3207,å¹¿ä¸œæ–°é—»ç½‘,å¾æ™“ä¸œ,çœéƒ¨çº§,http://csxxb.cn/e9c/MTMwNTg1ODY5.html
3212,ç¦å»ºä¼ä¸šç½‘,ç‹äºšå¤,çœéƒ¨çº§,http://fj.jkwindows.cn/e10b/b8b103442339.html
3213,ç¦å»ºæ–°é—»ç½‘,ç‹äºšå¤,çœéƒ¨çº§,http://fjxxw.top/ce9/MTQ3Nzc0NzY=.html
3217,æµ·è¥¿æ™¨æŠ¥,ç‹äºšå¤,çœéƒ¨çº§,file:///D:/360MoveData/Users/é£æ¸…æ‰¬/Documents/WeChat Files/wxid_a5gxaxx192tk22/FileStorage/Temp/17fab99a27f15861e8cd1b17c10f156.png
3221,æµ·åšTV,æ–‡æ‰¿èª,çœéƒ¨çº§,https://www.fjtv.net/haibo4/haibo5/folder8565/folder8568/2024-07-01/5979173.html?_t=1719840149#_hgOutLink=news/NewsDetail&id=5979173
3233,ç½‘æ˜“,æ–‡æ‰¿èª,çœéƒ¨çº§,https://www.163.com/dy/article/J611IV8C0514R9KQ.html
3227,ç¦å»ºçœç”µè§†å°,æ–‡æ‰¿èª,çœéƒ¨çº§,https://www.fjtv.net/haibo4/folder335/2024-07-04/5985031.html?_t=1720072942
3228,ç¦å»ºç½‘ç»œå¹¿æ’­ç”µè§†å°,æ–‡æ‰¿èª,çœéƒ¨çº§,https://www.fjtv.net/folder335/2024-07-01/5978580.html
3229,è…¾è®¯ç½‘,æ–‡æ‰¿èª,çœéƒ¨çº§,https://new.qq.com/rain/a/20240701A044QA00
3232,æµ·è¥¿æ™¨æŠ¥,æ–‡æ‰¿èª,çœéƒ¨çº§,https://new.qq.com/rain/a/20240702A017FB00
3238,ç¦å»ºçœå•†åŠ¡å…,æ–‡æ‰¿èª,çœéƒ¨çº§,https://swt.fujian.gov.cn/xxgk/jgzn/jgcs/kgc/gzdt/202407/t20240710_6481694.htm
3246,åæ¾³æ˜Ÿç©ºç½‘,å¼ æ³½,åœ°å¸‚çº§,https://www.sports.cn/cydt/gldt/2024/0620/605934.html
3255,æ¹›æ±Ÿæ—¥æŠ¥,æè¾‰,åœ°å¸‚çº§,
3286,ä½›å±±å¥½æˆ¿å­,å¼ æ³½,åœ°å¸‚çº§,https://www.douyin.com/note/7385085227212836105
3327,æ¹›æ±Ÿå¸‚ç¬¬äºŒä¸­åŒ»åŒ»é™¢,æè¾‰,åœ°å¸‚çº§,https://www.zjshtcm.com/xinwendongtai/yiyuandongtai/1534.html
3349,æ¥çŸ¥è¯†åŸå‘€,ä¸ä¿Šå³°,åœ°å¸‚çº§,
3350,çŸ¥è¯†åŸå‘å±•,ä¸ä¿Šå³°,åœ°å¸‚çº§,
3351,çŸ¥è¯†åŸå‘å±•,ä¸ä¿Šå³°,åœ°å¸‚çº§,
3353,å†²å“¥è¯´äº§ä¸šæ‹›å•†,ä¸ä¿Šå³°,åœ°å¸‚çº§,
3363,é»„åŸ”æ¥¼å¸‚å‰å±‹ç½‘,ä¸ä¿Šå³°,åœ°å¸‚çº§,https://gzhuangpu.jiwu.com/news/5627399.html
3374,é»„åŸ”ç”Ÿæ´»æ±‡,ä¸ä¿Šå³°,åœ°å¸‚çº§,
3441,é¡ºå¾·èåª’,å®¹æ¡‚æ°´å‚,åœ°å¸‚çº§,https://content.foshanplus.com/newsDetails.html?newsId=873735&memberId=2128417&utm_source=fsios&utm_medium=news&utm_campaign=context&utm_term=873735&utm_belong1=2128417
3392,å’Œè®¯æˆ¿äº§,å»–æ–‡æ–Œ,åœ°å¸‚çº§,https://house.hexun.com/2024-07-11/213530672.html
3414,å¹¿å·å¸‚åŸå¸‚æ›´æ–°åä¼š,å»–æ–‡æ–Œ,åœ°å¸‚çº§,http://www.gzcsgxxh.org.cn/page131.html?article_id=1372
3490,ç¿æ€ç½‘,å¼ æ³½,è¡Œä¸š,http://app.myzaker.com/news/article.php?pk=667d16078e9f093f7609ff69
3500,å‰‘æŒ‡åæ–¹,ä¸ä¿Šå³°,è¡Œä¸š,
3501,Real.Estate.Agent.in.Guangzhou,ä¸ä¿Šå³°,è¡Œä¸š,
3502,Evellllllyn,ä¸ä¿Šå³°,è¡Œä¸š,
3535,ä¸­å›½æ°‘ç”¨èˆªç©ºç½‘,æ–‡æ‰¿èª,è¡Œä¸š,https://www.ccaonline.cn/newsflashes/968001.html
